/*******************************************************************************
 * Size: 32 px
 * Bpp: 4
 * Opts: --format lvgl --bpp 4 --no-compress --no-prefilter --no-kerning --lv-include lvgl.h --size 32 --font JetBrainsMono-Medium.ttf --range 0x20-0x7F --font ../../../managed_components/lvgl__lvgl/scripts/built_in_font/FontAwesome5-Solid+Brands+Regular.woff --range 0xF124 --output pacer_font_mono_32.c
 ******************************************************************************/

#ifdef LV_LVGL_H_INCLUDE_SIMPLE
#include "lvgl.h"
#else
#include "lvgl.h"
#endif

#ifndef PACER_FONT_MONO_32
#define PACER_FONT_MONO_32 1
#endif

#if PACER_FONT_MONO_32

/*-----------------
 *    BITMAPS
 *----------------*/

/*Store the image of the glyphs*/
static LV_ATTRIBUTE_LARGE_CONST const uint8_t glyph_bitmap[] = {
    /* U+0020 " " */

    /* U+0021 "!" */
    0x3f, 0xff, 0x60, 0x2f, 0xff, 0x60, 0x2f, 0xff,
    0x50, 0x2f, 0xff, 0x50, 0x1f, 0xff, 0x40, 0x1f,
    0xff, 0x40, 0xf, 0xff, 0x40, 0xf, 0xff, 0x30,
    0xf, 0xff, 0x30, 0xf, 0xff, 0x20, 0xf, 0xff,
    0x20, 0xf, 0xff, 0x20, 0xe, 0xff, 0x10, 0xe,
    0xff, 0x10, 0xd, 0xff, 0x10, 0xd, 0xff, 0x0,
    0x6, 0x77, 0x0, 0x0, 0x0, 0x0, 0x0, 0x0,
    0x0, 0x3d, 0xfe, 0x50, 0xcf, 0xff, 0xf0, 0xcf,
    0xff, 0xf0, 0x3d, 0xfe, 0x50,

    /* U+0022 "\"" */
    0xaf, 0xfd, 0x0, 0xa, 0xff, 0xd9, 0xff, 0xd0,
    0x0, 0xaf, 0xfc, 0x9f, 0xfd, 0x0, 0x9, 0xff,
    0xc8, 0xff, 0xc0, 0x0, 0x9f, 0xfc, 0x8f, 0xfc,
    0x0, 0x8, 0xff, 0xb8, 0xff, 0xb0, 0x0, 0x8f,
    0xfb, 0x7f, 0xfb, 0x0, 0x8, 0xff, 0xb7, 0xff,
    0xb0, 0x0, 0x7f, 0xfa, 0x6f, 0xfa, 0x0, 0x7,
    0xff, 0xa4, 0xaa, 0x60, 0x0, 0x4a, 0xa6,

    /* U+0023 "#" */
    0x0, 0x0, 0x4, 0xff, 0x20, 0x0, 0xe, 0xf8,
    0x0, 0x0, 0x0, 0x7, 0xff, 0x0, 0x0, 0x1f,
    0xf4, 0x0, 0x0, 0x0, 0xa, 0xfb, 0x0, 0x0,
    0x4f, 0xf1, 0x0, 0x0, 0x0, 0xd, 0xf8, 0x0,
    0x0, 0x8f, 0xe0, 0x0, 0x0, 0x0, 0x1f, 0xf5,
    0x0, 0x0, 0xbf, 0xb0, 0x0, 0x0, 0x0, 0x4f,
    0xf2, 0x0, 0x0, 0xef, 0x70, 0x0, 0xc, 0xff,
    0xff, 0xff, 0xff, 0xff, 0xff, 0xff, 0xf1, 0xc,
    0xff, 0xff, 0xff, 0xff, 0xff, 0xff, 0xff, 0xf1,
    0x3, 0x44, 0xdf, 0xa4, 0x44, 0x49, 0xff, 0x44,
    0x40, 0x0, 0x0, 0xff, 0x60, 0x0, 0x9, 0xfc,
    0x0, 0x0, 0x0, 0x2, 0xff, 0x30, 0x0, 0xc,
    0xf9, 0x0, 0x0, 0x0, 0x5, 0xff, 0x0, 0x0,
    0xf, 0xf6, 0x0, 0x0, 0x0, 0x8, 0xfd, 0x0,
    0x0, 0x2f, 0xf3, 0x0, 0x0, 0x0, 0xb, 0xfa,
    0x0, 0x0, 0x5f, 0xf0, 0x0, 0x0, 0xef, 0xff,
    0xff, 0xff, 0xff, 0xff, 0xff, 0xff, 0x0, 0xef,
    0xff, 0xff, 0xff, 0xff, 0xff, 0xff, 0xff, 0x0,
    0x34, 0x7f, 0xf5, 0x44, 0x44, 0xef, 0x94, 0x43,
    0x0, 0x0, 0x6f, 0xf0, 0x0, 0x0, 0xff, 0x50,
    0x0, 0x0, 0x0, 0x9f, 0xc0, 0x0, 0x3, 0xff,
    0x20, 0x0, 0x0, 0x0, 0xcf, 0x90, 0x0, 0x6,
    0xff, 0x0, 0x0, 0x0, 0x0, 0xef, 0x60, 0x0,
    0x9, 0xfc, 0x0, 0x0, 0x0, 0x1, 0xff, 0x40,
    0x0, 0xc, 0xfa, 0x0, 0x0, 0x0, 0x4, 0xff,
    0x10, 0x0, 0xe, 0xf7, 0x0, 0x0, 0x0,

    /* U+0024 "$" */
    0x0, 0x0, 0x0, 0x28, 0x50, 0x0, 0x0, 0x0,
    0x0, 0x0, 0x0, 0x4f, 0xb0, 0x0, 0x0, 0x0,
    0x0, 0x0, 0x0, 0x4f, 0xb0, 0x0, 0x0, 0x0,
    0x0, 0x0, 0x0, 0x4f, 0xb0, 0x0, 0x0, 0x0,
    0x0, 0x0, 0x0, 0x6f, 0xc2, 0x0, 0x0, 0x0,
    0x0, 0x3, 0xbf, 0xff, 0xff, 0xe7, 0x0, 0x0,
    0x0, 0x5f, 0xff, 0xff, 0xff, 0xff, 0xc0, 0x0,
    0x3, 0xff, 0xff, 0xcf, 0xed, 0xff, 0xfa, 0x0,
    0xb, 0xff, 0xc1, 0x4f, 0xb0, 0x7f, 0xff, 0x30,
    0xf, 0xff, 0x30, 0x4f, 0xb0, 0xc, 0xff, 0x80,
    0x2f, 0xff, 0x0, 0x4f, 0xb0, 0x8, 0xff, 0xa0,
    0x3f, 0xff, 0x0, 0x4f, 0xb0, 0x0, 0x0, 0x0,
    0x1f, 0xff, 0x50, 0x4f, 0xb0, 0x0, 0x0, 0x0,
    0xd, 0xff, 0xe1, 0x4f, 0xb0, 0x0, 0x0, 0x0,
    0x5, 0xff, 0xfe, 0xaf, 0xb0, 0x0, 0x0, 0x0,
    0x0, 0xbf, 0xff, 0xff, 0xe7, 0x20, 0x0, 0x0,
    0x0, 0x9, 0xff, 0xff, 0xff, 0xfa, 0x10, 0x0,
    0x0, 0x0, 0x3a, 0xff, 0xff, 0xff, 0xe2, 0x0,
    0x0, 0x0, 0x0, 0x4f, 0xef, 0xff, 0xfd, 0x0,
    0x0, 0x0, 0x0, 0x4f, 0xb0, 0xaf, 0xff, 0x70,
    0x0, 0x0, 0x0, 0x4f, 0xb0, 0xb, 0xff, 0xc0,
    0x0, 0x0, 0x0, 0x4f, 0xb0, 0x4, 0xff, 0xf0,
    0x68, 0x83, 0x0, 0x4f, 0xb0, 0x2, 0xff, 0xf0,
    0xbf, 0xf8, 0x0, 0x4f, 0xb0, 0x4, 0xff, 0xe0,
    0x7f, 0xfe, 0x10, 0x4f, 0xb0, 0xb, 0xff, 0xa0,
    0x1f, 0xff, 0xd4, 0x4f, 0xb3, 0xbf, 0xff, 0x40,
    0x6, 0xff, 0xff, 0xff, 0xff, 0xff, 0xf8, 0x0,
    0x0, 0x5e, 0xff, 0xff, 0xff, 0xff, 0x70, 0x0,
    0x0, 0x0, 0x6a, 0xdf, 0xfb, 0x71, 0x0, 0x0,
    0x0, 0x0, 0x0, 0x4f, 0xb0, 0x0, 0x0, 0x0,
    0x0, 0x0, 0x0, 0x4f, 0xb0, 0x0, 0x0, 0x0,
    0x0, 0x0, 0x0, 0x4f, 0xb0, 0x0, 0x0, 0x0,
    0x0, 0x0, 0x0, 0x4f, 0xb0, 0x0, 0x0, 0x0,

    /* U+0025 "%" */
    0x0, 0x7d, 0xff, 0xc5, 0x0, 0x0, 0x0, 0x1,
    0xef, 0x80, 0xbf, 0xff, 0xff, 0xf7, 0x0, 0x0,
    0x0, 0xaf, 0xc0, 0x4f, 0xfc, 0x55, 0xdf, 0xf1,
    0x0, 0x0, 0x6f, 0xf2, 0x8, 0xff, 0x10, 0x3,
    0xff, 0x50, 0x0, 0x2f, 0xf6, 0x0, 0x9f, 0xe0,
    0x0, 0x1f, 0xf6, 0x0, 0xc, 0xfb, 0x0, 0x9,
    0xfe, 0x0, 0x1, 0xff, 0x60, 0x7, 0xfe, 0x10,
    0x0, 0x8f, 0xf0, 0x0, 0x2f, 0xf5, 0x3, 0xff,
    0x50, 0x0, 0x6, 0xff, 0x81, 0x1b, 0xff, 0x30,
    0xdf, 0xa0, 0x0, 0x0, 0xe, 0xff, 0xff, 0xff,
    0xb0, 0x9f, 0xe1, 0x0, 0x0, 0x0, 0x2b, 0xff,
    0xff, 0x90, 0x4f, 0xf4, 0x0, 0x0, 0x0, 0x0,
    0x1, 0x33, 0x0, 0x1e, 0xf8, 0x0, 0x0, 0x0,
    0x0, 0x0, 0x0, 0x0, 0xa, 0xfd, 0x0, 0x0,
    0x0, 0x0, 0x0, 0x0, 0x0, 0x5, 0xff, 0x20,
    0x2, 0x31, 0x0, 0x0, 0x0, 0x0, 0x1, 0xff,
    0x70, 0x7f, 0xff, 0xfc, 0x30, 0x0, 0x0, 0x0,
    0xbf, 0xc0, 0x8f, 0xff, 0xff, 0xff, 0x20, 0x0,
    0x0, 0x7f, 0xf2, 0xf, 0xfd, 0x20, 0x6f, 0xf8,
    0x0, 0x0, 0x2f, 0xf5, 0x2, 0xff, 0x50, 0x0,
    0xcf, 0xb0, 0x0, 0xd, 0xfa, 0x0, 0x3f, 0xf4,
    0x0, 0xb, 0xfc, 0x0, 0x8, 0xfe, 0x10, 0x3,
    0xff, 0x40, 0x0, 0xbf, 0xc0, 0x4, 0xff, 0x40,
    0x0, 0x2f, 0xf5, 0x0, 0xc, 0xfb, 0x0, 0xef,
    0x90, 0x0, 0x0, 0xef, 0xd4, 0x28, 0xff, 0x70,
    0xaf, 0xd0, 0x0, 0x0, 0x5, 0xff, 0xff, 0xff,
    0xd0, 0x5f, 0xf3, 0x0, 0x0, 0x0, 0x4, 0xbf,
    0xfd, 0x81, 0x0,

    /* U+0026 "&" */
    0x0, 0x0, 0x2, 0x9d, 0xff, 0xd8, 0x10, 0x0,
    0x0, 0x0, 0x0, 0x0, 0x4f, 0xff, 0xff, 0xff,
    0xf4, 0x0, 0x0, 0x0, 0x0, 0x1, 0xff, 0xff,
    0xcc, 0xff, 0xff, 0x20, 0x0, 0x0, 0x0, 0x7,
    0xff, 0xe2, 0x0, 0x1d, 0xff, 0x90, 0x0, 0x0,
    0x0, 0x9, 0xff, 0x80, 0x0, 0x4, 0xff, 0xe0,
    0x0, 0x0, 0x0, 0x6, 0xff, 0x90, 0x0, 0x0,
    0x88, 0x80, 0x0, 0x0, 0x0, 0x1, 0xef, 0xe0,
    0x0, 0x0, 0x0, 0x0, 0x0, 0x0, 0x0, 0x0,
    0x5f, 0xfa, 0x0, 0x0, 0x0, 0x0, 0x0, 0x0,
    0x0, 0x0, 0x8, 0xff, 0x80, 0x0, 0x0, 0x0,
    0x0, 0x0, 0x0, 0x7, 0xdf, 0xff, 0xf6, 0x0,
    0x0, 0x0, 0x0, 0x0, 0x0, 0xbf, 0xff, 0xff,
    0xff, 0x40, 0x0, 0x0, 0x0, 0x0, 0x7, 0xff,
    0xfb, 0x66, 0xff, 0xe2, 0x0, 0x1, 0xbb, 0xb4,
    0xe, 0xff, 0x80, 0x0, 0x6f, 0xfd, 0x10, 0xc,
    0xff, 0xa0, 0x2f, 0xff, 0x0, 0x0, 0x9, 0xff,
    0xc0, 0xbf, 0xfc, 0x0, 0x3f, 0xfd, 0x0, 0x0,
    0x0, 0xdf, 0xfe, 0xff, 0xd1, 0x0, 0x4f, 0xfd,
    0x0, 0x0, 0x0, 0x2f, 0xff, 0xfe, 0x20, 0x0,
    0x4f, 0xfd, 0x0, 0x0, 0x0, 0x8, 0xff, 0xf5,
    0x0, 0x0, 0x3f, 0xfe, 0x0, 0x0, 0x0, 0x1e,
    0xff, 0xfc, 0x0, 0x0, 0x1f, 0xff, 0x30, 0x0,
    0x0, 0xcf, 0xff, 0xff, 0x80, 0x0, 0xc, 0xff,
    0xd3, 0x0, 0x1b, 0xff, 0xc3, 0xff, 0xf4, 0x0,
    0x3, 0xff, 0xff, 0xed, 0xff, 0xfe, 0x10, 0x7f,
    0xfe, 0x10, 0x0, 0x6f, 0xff, 0xff, 0xff, 0xd2,
    0x0, 0xb, 0xff, 0xa0, 0x0, 0x2, 0x9d, 0xfe,
    0xc6, 0x0, 0x0, 0x1, 0xff, 0xf6,

    /* U+0027 "'" */
    0x2f, 0xff, 0x51, 0xff, 0xf5, 0x1f, 0xff, 0x41,
    0xff, 0xf4, 0xf, 0xff, 0x40, 0xff, 0xf3, 0xf,
    0xff, 0x30, 0xff, 0xf3, 0xf, 0xff, 0x20, 0x9a,
    0xa1,

    /* U+0028 "(" */
    0x0, 0x0, 0x0, 0x0, 0x5b, 0x70, 0x0, 0x0,
    0x6, 0xef, 0xf8, 0x0, 0x0, 0x1b, 0xff, 0xff,
    0x80, 0x0, 0x1d, 0xff, 0xfd, 0x71, 0x0, 0xb,
    0xff, 0xf8, 0x0, 0x0, 0x6, 0xff, 0xf7, 0x0,
    0x0, 0x0, 0xef, 0xfa, 0x0, 0x0, 0x0, 0x5f,
    0xff, 0x10, 0x0, 0x0, 0xa, 0xff, 0xa0, 0x0,
    0x0, 0x0, 0xef, 0xf5, 0x0, 0x0, 0x0, 0x1f,
    0xff, 0x20, 0x0, 0x0, 0x2, 0xff, 0xf0, 0x0,
    0x0, 0x0, 0x3f, 0xff, 0x0, 0x0, 0x0, 0x3,
    0xff, 0xf0, 0x0, 0x0, 0x0, 0x3f, 0xff, 0x0,
    0x0, 0x0, 0x3, 0xff, 0xf0, 0x0, 0x0, 0x0,
    0x3f, 0xff, 0x0, 0x0, 0x0, 0x3, 0xff, 0xf0,
    0x0, 0x0, 0x0, 0x3f, 0xff, 0x0, 0x0, 0x0,
    0x2, 0xff, 0xf0, 0x0, 0x0, 0x0, 0xf, 0xff,
    0x20, 0x0, 0x0, 0x0, 0xdf, 0xf6, 0x0, 0x0,
    0x0, 0xa, 0xff, 0xb0, 0x0, 0x0, 0x0, 0x4f,
    0xff, 0x30, 0x0, 0x0, 0x0, 0xef, 0xfc, 0x0,
    0x0, 0x0, 0x5, 0xff, 0xf9, 0x0, 0x0, 0x0,
    0xa, 0xff, 0xfb, 0x10, 0x0, 0x0, 0xb, 0xff,
    0xff, 0xa2, 0x0, 0x0, 0x9, 0xff, 0xff, 0x80,
    0x0, 0x0, 0x4, 0xcf, 0xf8, 0x0, 0x0, 0x0,
    0x0, 0x38, 0x60,

    /* U+0029 ")" */
    0x4b, 0x71, 0x0, 0x0, 0x0, 0x5, 0xff, 0xf8,
    0x0, 0x0, 0x0, 0x5f, 0xff, 0xfd, 0x20, 0x0,
    0x0, 0x6c, 0xff, 0xfe, 0x20, 0x0, 0x0, 0x6,
    0xff, 0xfe, 0x10, 0x0, 0x0, 0x4, 0xff, 0xf9,
    0x0, 0x0, 0x0, 0x7, 0xff, 0xf2, 0x0, 0x0,
    0x0, 0xd, 0xff, 0x90, 0x0, 0x0, 0x0, 0x7f,
    0xfe, 0x0, 0x0, 0x0, 0x2, 0xff, 0xf1, 0x0,
    0x0, 0x0, 0xe, 0xff, 0x40, 0x0, 0x0, 0x0,
    0xdf, 0xf5, 0x0, 0x0, 0x0, 0xb, 0xff, 0x60,
    0x0, 0x0, 0x0, 0xbf, 0xf7, 0x0, 0x0, 0x0,
    0xb, 0xff, 0x70, 0x0, 0x0, 0x0, 0xbf, 0xf7,
    0x0, 0x0, 0x0, 0xb, 0xff, 0x70, 0x0, 0x0,
    0x0, 0xbf, 0xf7, 0x0, 0x0, 0x0, 0xc, 0xff,
    0x60, 0x0, 0x0, 0x0, 0xdf, 0xf5, 0x0, 0x0,
    0x0, 0xe, 0xff, 0x40, 0x0, 0x0, 0x3, 0xff,
    0xf1, 0x0, 0x0, 0x0, 0x7f, 0xfd, 0x0, 0x0,
    0x0, 0xe, 0xff, 0x80, 0x0, 0x0, 0x9, 0xff,
    0xf1, 0x0, 0x0, 0x6, 0xff, 0xf8, 0x0, 0x0,
    0x9, 0xff, 0xfd, 0x0, 0x1, 0x8e, 0xff, 0xfd,
    0x10, 0x0, 0x5f, 0xff, 0xfb, 0x10, 0x0, 0x5,
    0xff, 0xd6, 0x0, 0x0, 0x0, 0x49, 0x40, 0x0,
    0x0, 0x0, 0x0,

    /* U+002A "*" */
    0x0, 0x0, 0x0, 0xd, 0xff, 0x0, 0x0, 0x0,
    0x0, 0x0, 0x0, 0x0, 0xd, 0xff, 0x0, 0x0,
    0x0, 0x0, 0x0, 0x0, 0x0, 0xd, 0xff, 0x0,
    0x0, 0x0, 0x0, 0x0, 0x0, 0x0, 0xd, 0xff,
    0x0, 0x0, 0x0, 0x0, 0x6, 0x10, 0x0, 0xc,
    0xff, 0x0, 0x0, 0x5, 0x20, 0x4f, 0xfa, 0x40,
    0xb, 0xfe, 0x0, 0x39, 0xff, 0x80, 0xaf, 0xff,
    0xfd, 0x69, 0xfb, 0x4d, 0xff, 0xff, 0xd0, 0x39,
    0xff, 0xff, 0xff, 0xff, 0xff, 0xff, 0xfa, 0x40,
    0x0, 0x5, 0xae, 0xff, 0xff, 0xff, 0xb6, 0x10,
    0x0, 0x0, 0x0, 0x0, 0x7f, 0xff, 0xa0, 0x0,
    0x0, 0x0, 0x0, 0x0, 0x4, 0xff, 0xcf, 0xf7,
    0x0, 0x0, 0x0, 0x0, 0x0, 0x2f, 0xff, 0x1d,
    0xff, 0x50, 0x0, 0x0, 0x0, 0x0, 0xdf, 0xf8,
    0x5, 0xff, 0xf2, 0x0, 0x0, 0x0, 0x9, 0xff,
    0xd0, 0x0, 0xbf, 0xfc, 0x0, 0x0, 0x0, 0x4f,
    0xff, 0x30, 0x0, 0x1e, 0xff, 0x70, 0x0, 0x0,
    0x2c, 0xf8, 0x0, 0x0, 0x5, 0xfd, 0x30, 0x0,
    0x0, 0x0, 0x60, 0x0, 0x0, 0x0, 0x60, 0x0,
    0x0,

    /* U+002B "+" */
    0x0, 0x0, 0x0, 0x22, 0x20, 0x0, 0x0, 0x0,
    0x0, 0x0, 0x0, 0xff, 0xf2, 0x0, 0x0, 0x0,
    0x0, 0x0, 0x0, 0xff, 0xf2, 0x0, 0x0, 0x0,
    0x0, 0x0, 0x0, 0xff, 0xf2, 0x0, 0x0, 0x0,
    0x0, 0x0, 0x0, 0xff, 0xf2, 0x0, 0x0, 0x0,
    0x0, 0x0, 0x0, 0xff, 0xf2, 0x0, 0x0, 0x0,
    0x0, 0x0, 0x0, 0xff, 0xf2, 0x0, 0x0, 0x0,
    0xff, 0xff, 0xff, 0xff, 0xff, 0xff, 0xff, 0xf3,
    0xff, 0xff, 0xff, 0xff, 0xff, 0xff, 0xff, 0xf3,
    0xdd, 0xdd, 0xdd, 0xff, 0xfe, 0xdd, 0xdd, 0xd2,
    0x0, 0x0, 0x0, 0xff, 0xf2, 0x0, 0x0, 0x0,
    0x0, 0x0, 0x0, 0xff, 0xf2, 0x0, 0x0, 0x0,
    0x0, 0x0, 0x0, 0xff, 0xf2, 0x0, 0x0, 0x0,
    0x0, 0x0, 0x0, 0xff, 0xf2, 0x0, 0x0, 0x0,
    0x0, 0x0, 0x0, 0xff, 0xf2, 0x0, 0x0, 0x0,
    0x0, 0x0, 0x0, 0xff, 0xf2, 0x0, 0x0, 0x0,

    /* U+002C "," */
    0x0, 0xad, 0xdc, 0x0, 0xf, 0xff, 0xb0, 0x2,
    0xff, 0xf7, 0x0, 0x4f, 0xff, 0x40, 0x7, 0xff,
    0xf0, 0x0, 0xaf, 0xfc, 0x0, 0xd, 0xff, 0x90,
    0x0, 0xff, 0xf5, 0x0, 0x2f, 0xff, 0x10, 0x5,
    0xff, 0xe0, 0x0,

    /* U+002D "-" */
    0x7d, 0xdd, 0xdd, 0xdd, 0xdd, 0x98, 0xff, 0xff,
    0xff, 0xff, 0xfb, 0x8f, 0xff, 0xff, 0xff, 0xff,
    0xb0,

    /* U+002E "." */
    0x0, 0x25, 0x30, 0x0, 0x6f, 0xff, 0x90, 0xf,
    0xff, 0xff, 0x21, 0xff, 0xff, 0xf4, 0xd, 0xff,
    0xff, 0x10, 0x2c, 0xfd, 0x40,

    /* U+002F "/" */
    0x0, 0x0, 0x0, 0x0, 0x0, 0x9, 0xff, 0xb0,
    0x0, 0x0, 0x0, 0x0, 0x0, 0xff, 0xf5, 0x0,
    0x0, 0x0, 0x0, 0x0, 0x5f, 0xff, 0x0, 0x0,
    0x0, 0x0, 0x0, 0xb, 0xff, 0x90, 0x0, 0x0,
    0x0, 0x0, 0x1, 0xff, 0xf3, 0x0, 0x0, 0x0,
    0x0, 0x0, 0x7f, 0xfd, 0x0, 0x0, 0x0, 0x0,
    0x0, 0xd, 0xff, 0x70, 0x0, 0x0, 0x0, 0x0,
    0x3, 0xff, 0xf1, 0x0, 0x0, 0x0, 0x0, 0x0,
    0x9f, 0xfb, 0x0, 0x0, 0x0, 0x0, 0x0, 0xf,
    0xff, 0x50, 0x0, 0x0, 0x0, 0x0, 0x5, 0xff,
    0xe0, 0x0, 0x0, 0x0, 0x0, 0x0, 0xcf, 0xf9,
    0x0, 0x0, 0x0, 0x0, 0x0, 0x2f, 0xff, 0x30,
    0x0, 0x0, 0x0, 0x0, 0x8, 0xff, 0xd0, 0x0,
    0x0, 0x0, 0x0, 0x0, 0xef, 0xf7, 0x0, 0x0,
    0x0, 0x0, 0x0, 0x4f, 0xff, 0x10, 0x0, 0x0,
    0x0, 0x0, 0xa, 0xff, 0xb0, 0x0, 0x0, 0x0,
    0x0, 0x0, 0xff, 0xf4, 0x0, 0x0, 0x0, 0x0,
    0x0, 0x6f, 0xfe, 0x0, 0x0, 0x0, 0x0, 0x0,
    0xc, 0xff, 0x80, 0x0, 0x0, 0x0, 0x0, 0x2,
    0xff, 0xf2, 0x0, 0x0, 0x0, 0x0, 0x0, 0x8f,
    0xfc, 0x0, 0x0, 0x0, 0x0, 0x0, 0xe, 0xff,
    0x60, 0x0, 0x0, 0x0, 0x0, 0x4, 0xff, 0xf1,
    0x0, 0x0, 0x0, 0x0, 0x0, 0xaf, 0xfa, 0x0,
    0x0, 0x0, 0x0, 0x0, 0x1f, 0xff, 0x40, 0x0,
    0x0, 0x0, 0x0, 0x6, 0xff, 0xe0, 0x0, 0x0,
    0x0, 0x0, 0x0, 0xcf, 0xf8, 0x0, 0x0, 0x0,
    0x0, 0x0, 0x2f, 0xff, 0x20, 0x0, 0x0, 0x0,
    0x0, 0x8, 0xff, 0xc0, 0x0, 0x0, 0x0, 0x0,
    0x0,

    /* U+0030 "0" */
    0x0, 0x1, 0x7c, 0xef, 0xec, 0x82, 0x0, 0x0,
    0x4, 0xef, 0xff, 0xff, 0xff, 0xf6, 0x0, 0x3,
    0xff, 0xff, 0xdc, 0xdf, 0xff, 0xf6, 0x0, 0xdf,
    0xfe, 0x30, 0x0, 0x2c, 0xff, 0xf1, 0x3f, 0xff,
    0x20, 0x0, 0x0, 0xd, 0xff, 0x66, 0xff, 0xa0,
    0x0, 0x0, 0x0, 0x7f, 0xfa, 0x8f, 0xf8, 0x0,
    0x0, 0x0, 0x5, 0xff, 0xb8, 0xff, 0x80, 0x0,
    0x0, 0x0, 0x4f, 0xfb, 0x8f, 0xf8, 0x0, 0x0,
    0x0, 0x4, 0xff, 0xb8, 0xff, 0x80, 0xb, 0xfc,
    0x10, 0x4f, 0xfb, 0x8f, 0xf8, 0x4, 0xff, 0xf8,
    0x4, 0xff, 0xb8, 0xff, 0x80, 0x3f, 0xff, 0x60,
    0x4f, 0xfb, 0x8f, 0xf8, 0x0, 0x6a, 0x80, 0x4,
    0xff, 0xb8, 0xff, 0x80, 0x0, 0x0, 0x0, 0x4f,
    0xfb, 0x8f, 0xf8, 0x0, 0x0, 0x0, 0x4, 0xff,
    0xb8, 0xff, 0x80, 0x0, 0x0, 0x0, 0x4f, 0xfb,
    0x8f, 0xf8, 0x0, 0x0, 0x0, 0x5, 0xff, 0xb6,
    0xff, 0xa0, 0x0, 0x0, 0x0, 0x7f, 0xf9, 0x3f,
    0xff, 0x20, 0x0, 0x0, 0xd, 0xff, 0x60, 0xdf,
    0xfd, 0x30, 0x0, 0x2c, 0xff, 0xe0, 0x3, 0xff,
    0xff, 0xdc, 0xdf, 0xff, 0xf5, 0x0, 0x4, 0xef,
    0xff, 0xff, 0xff, 0xf5, 0x0, 0x0, 0x1, 0x7c,
    0xef, 0xec, 0x71, 0x0, 0x0,

    /* U+0031 "1" */
    0x0, 0x0, 0x8, 0xff, 0xff, 0x40, 0x0, 0x0,
    0x0, 0x2, 0xcf, 0xff, 0xff, 0x40, 0x0, 0x0,
    0x0, 0x5f, 0xff, 0xff, 0xff, 0x40, 0x0, 0x0,
    0xa, 0xff, 0xfe, 0x3e, 0xff, 0x40, 0x0, 0x0,
    0x3f, 0xff, 0xb1, 0xe, 0xff, 0x40, 0x0, 0x0,
    0x3f, 0xf6, 0x0, 0xe, 0xff, 0x40, 0x0, 0x0,
    0x3d, 0x20, 0x0, 0xe, 0xff, 0x40, 0x0, 0x0,
    0x0, 0x0, 0x0, 0xe, 0xff, 0x40, 0x0, 0x0,
    0x0, 0x0, 0x0, 0xe, 0xff, 0x40, 0x0, 0x0,
    0x0, 0x0, 0x0, 0xe, 0xff, 0x40, 0x0, 0x0,
    0x0, 0x0, 0x0, 0xe, 0xff, 0x40, 0x0, 0x0,
    0x0, 0x0, 0x0, 0xe, 0xff, 0x40, 0x0, 0x0,
    0x0, 0x0, 0x0, 0xe, 0xff, 0x40, 0x0, 0x0,
    0x0, 0x0, 0x0, 0xe, 0xff, 0x40, 0x0, 0x0,
    0x0, 0x0, 0x0, 0xe, 0xff, 0x40, 0x0, 0x0,
    0x0, 0x0, 0x0, 0xe, 0xff, 0x40, 0x0, 0x0,
    0x0, 0x0, 0x0, 0xe, 0xff, 0x40, 0x0, 0x0,
    0x0, 0x0, 0x0, 0xe, 0xff, 0x40, 0x0, 0x0,
    0x0, 0x0, 0x0, 0xe, 0xff, 0x40, 0x0, 0x0,
    0x0, 0x0, 0x0, 0xe, 0xff, 0x40, 0x0, 0x0,
    0x2e, 0xee, 0xee, 0xef, 0xff, 0xee, 0xee, 0xe5,
    0x2f, 0xff, 0xff, 0xff, 0xff, 0xff, 0xff, 0xf6,
    0x2f, 0xff, 0xff, 0xff, 0xff, 0xff, 0xff, 0xf6,

    /* U+0032 "2" */
    0x0, 0x0, 0x7c, 0xef, 0xec, 0x81, 0x0, 0x0,
    0x4, 0xef, 0xff, 0xff, 0xff, 0xf5, 0x0, 0x3,
    0xff, 0xff, 0xfd, 0xef, 0xff, 0xf5, 0x0, 0xdf,
    0xfe, 0x40, 0x0, 0x4e, 0xff, 0xe0, 0x4f, 0xff,
    0x20, 0x0, 0x0, 0x3f, 0xff, 0x58, 0xff, 0xb0,
    0x0, 0x0, 0x0, 0xbf, 0xf9, 0x8d, 0xd6, 0x0,
    0x0, 0x0, 0x9, 0xff, 0xa0, 0x0, 0x0, 0x0,
    0x0, 0x0, 0xaf, 0xf8, 0x0, 0x0, 0x0, 0x0,
    0x0, 0xe, 0xff, 0x50, 0x0, 0x0, 0x0, 0x0,
    0x6, 0xff, 0xe0, 0x0, 0x0, 0x0, 0x0, 0x2,
    0xff, 0xf7, 0x0, 0x0, 0x0, 0x0, 0x1, 0xdf,
    0xfc, 0x0, 0x0, 0x0, 0x0, 0x1, 0xcf, 0xfe,
    0x20, 0x0, 0x0, 0x0, 0x1, 0xcf, 0xfe, 0x30,
    0x0, 0x0, 0x0, 0x0, 0xcf, 0xfe, 0x30, 0x0,
    0x0, 0x0, 0x0, 0xcf, 0xfe, 0x30, 0x0, 0x0,
    0x0, 0x0, 0xcf, 0xfe, 0x30, 0x0, 0x0, 0x0,
    0x0, 0xcf, 0xfe, 0x30, 0x0, 0x0, 0x0, 0x0,
    0xcf, 0xfe, 0x30, 0x0, 0x0, 0x0, 0x0, 0xbf,
    0xfe, 0x30, 0x0, 0x0, 0x0, 0x0, 0x5f, 0xff,
    0xfe, 0xee, 0xee, 0xee, 0xee, 0xd5, 0xff, 0xff,
    0xff, 0xff, 0xff, 0xff, 0xff, 0x5f, 0xff, 0xff,
    0xff, 0xff, 0xff, 0xff, 0xf0,

    /* U+0033 "3" */
    0x2f, 0xff, 0xff, 0xff, 0xff, 0xff, 0xfe, 0x2,
    0xff, 0xff, 0xff, 0xff, 0xff, 0xff, 0xe0, 0x2e,
    0xee, 0xee, 0xee, 0xee, 0xff, 0xfd, 0x0, 0x0,
    0x0, 0x0, 0x0, 0x5f, 0xff, 0x40, 0x0, 0x0,
    0x0, 0x0, 0x5f, 0xff, 0x40, 0x0, 0x0, 0x0,
    0x0, 0x5f, 0xff, 0x40, 0x0, 0x0, 0x0, 0x0,
    0x5f, 0xff, 0x40, 0x0, 0x0, 0x0, 0x0, 0x5f,
    0xff, 0x40, 0x0, 0x0, 0x0, 0x0, 0x3f, 0xff,
    0xb5, 0x10, 0x0, 0x0, 0x0, 0x5, 0xff, 0xff,
    0xff, 0x90, 0x0, 0x0, 0x0, 0x5f, 0xff, 0xff,
    0xff, 0xc0, 0x0, 0x0, 0x0, 0x0, 0x13, 0x9f,
    0xff, 0x90, 0x0, 0x0, 0x0, 0x0, 0x0, 0x6f,
    0xff, 0x10, 0x0, 0x0, 0x0, 0x0, 0x0, 0xef,
    0xf5, 0x0, 0x0, 0x0, 0x0, 0x0, 0xb, 0xff,
    0x70, 0x0, 0x0, 0x0, 0x0, 0x0, 0xbf, 0xf7,
    0x79, 0x93, 0x0, 0x0, 0x0, 0xb, 0xff, 0x7c,
    0xff, 0x70, 0x0, 0x0, 0x0, 0xdf, 0xf6, 0x9f,
    0xfd, 0x0, 0x0, 0x0, 0x4f, 0xff, 0x33, 0xff,
    0xfc, 0x30, 0x0, 0x6e, 0xff, 0xd0, 0x9, 0xff,
    0xff, 0xfd, 0xff, 0xff, 0xf3, 0x0, 0x8, 0xff,
    0xff, 0xff, 0xff, 0xe4, 0x0, 0x0, 0x3, 0x9d,
    0xff, 0xeb, 0x70, 0x0, 0x0,

    /* U+0034 "4" */
    0x0, 0x0, 0x0, 0x0, 0xaf, 0xfe, 0x0, 0x0,
    0x0, 0x0, 0x4, 0xff, 0xf4, 0x0, 0x0, 0x0,
    0x0, 0xe, 0xff, 0xa0, 0x0, 0x0, 0x0, 0x0,
    0x9f, 0xfe, 0x10, 0x0, 0x0, 0x0, 0x3, 0xff,
    0xf5, 0x0, 0x0, 0x0, 0x0, 0xd, 0xff, 0xb0,
    0x0, 0x0, 0x0, 0x0, 0x8f, 0xff, 0x10, 0x0,
    0x0, 0x0, 0x3, 0xff, 0xf6, 0x0, 0x0, 0x0,
    0x0, 0xd, 0xff, 0xc0, 0x0, 0x0, 0x0, 0x0,
    0x7f, 0xff, 0x20, 0x0, 0x28, 0x86, 0x2, 0xff,
    0xf7, 0x0, 0x0, 0x5f, 0xfd, 0xc, 0xff, 0xc0,
    0x0, 0x0, 0x5f, 0xfd, 0x7f, 0xff, 0x30, 0x0,
    0x0, 0x5f, 0xfd, 0xdf, 0xf8, 0x0, 0x0, 0x0,
    0x5f, 0xfd, 0xdf, 0xf4, 0x0, 0x0, 0x0, 0x5f,
    0xfd, 0xdf, 0xfe, 0xdd, 0xdd, 0xdd, 0xef, 0xfd,
    0xdf, 0xff, 0xff, 0xff, 0xff, 0xff, 0xfd, 0xdf,
    0xff, 0xff, 0xff, 0xff, 0xff, 0xfd, 0x0, 0x0,
    0x0, 0x0, 0x0, 0x5f, 0xfd, 0x0, 0x0, 0x0,
    0x0, 0x0, 0x5f, 0xfd, 0x0, 0x0, 0x0, 0x0,
    0x0, 0x5f, 0xfd, 0x0, 0x0, 0x0, 0x0, 0x0,
    0x5f, 0xfd, 0x0, 0x0, 0x0, 0x0, 0x0, 0x5f,
    0xfd,

    /* U+0035 "5" */
    0xe, 0xff, 0xff, 0xff, 0xff, 0xff, 0xfc, 0x0,
    0xef, 0xff, 0xff, 0xff, 0xff, 0xff, 0xc0, 0xe,
    0xff, 0xee, 0xee, 0xee, 0xee, 0xeb, 0x0, 0xef,
    0xf0, 0x0, 0x0, 0x0, 0x0, 0x0, 0xe, 0xff,
    0x10, 0x0, 0x0, 0x0, 0x0, 0x0, 0xef, 0xf1,
    0x0, 0x0, 0x0, 0x0, 0x0, 0xe, 0xff, 0x10,
    0x0, 0x0, 0x0, 0x0, 0x0, 0xef, 0xf1, 0x0,
    0x0, 0x0, 0x0, 0x0, 0xe, 0xff, 0xff, 0xff,
    0xfd, 0x92, 0x0, 0x0, 0xef, 0xff, 0xff, 0xff,
    0xff, 0xf7, 0x0, 0xc, 0xdd, 0xdd, 0xdd, 0xff,
    0xff, 0xf5, 0x0, 0x0, 0x0, 0x0, 0x0, 0x4e,
    0xff, 0xe0, 0x0, 0x0, 0x0, 0x0, 0x0, 0x3f,
    0xff, 0x40, 0x0, 0x0, 0x0, 0x0, 0x0, 0xbf,
    0xf8, 0x0, 0x0, 0x0, 0x0, 0x0, 0x9, 0xff,
    0x90, 0x0, 0x0, 0x0, 0x0, 0x0, 0x9f, 0xf9,
    0x7b, 0xb5, 0x0, 0x0, 0x0, 0x9, 0xff, 0x99,
    0xff, 0xa0, 0x0, 0x0, 0x0, 0xbf, 0xf7, 0x6f,
    0xff, 0x10, 0x0, 0x0, 0x3f, 0xff, 0x40, 0xef,
    0xfd, 0x30, 0x0, 0x4e, 0xff, 0xd0, 0x5, 0xff,
    0xff, 0xed, 0xff, 0xff, 0xf4, 0x0, 0x6, 0xff,
    0xff, 0xff, 0xff, 0xf4, 0x0, 0x0, 0x1, 0x8c,
    0xef, 0xec, 0x71, 0x0, 0x0,

    /* U+0036 "6" */
    0x0, 0x0, 0x0, 0x0, 0xdf, 0xfa, 0x0, 0x0,
    0x0, 0x0, 0x0, 0x0, 0x6f, 0xfe, 0x10, 0x0,
    0x0, 0x0, 0x0, 0x0, 0x1e, 0xff, 0x60, 0x0,
    0x0, 0x0, 0x0, 0x0, 0x9, 0xff, 0xb0, 0x0,
    0x0, 0x0, 0x0, 0x0, 0x2, 0xff, 0xf2, 0x0,
    0x0, 0x0, 0x0, 0x0, 0x0, 0xbf, 0xf7, 0x0,
    0x0, 0x0, 0x0, 0x0, 0x0, 0x4f, 0xfd, 0x0,
    0x0, 0x0, 0x0, 0x0, 0x0, 0xd, 0xff, 0x30,
    0x0, 0x0, 0x0, 0x0, 0x0, 0x6, 0xff, 0xaa,
    0xef, 0xda, 0x40, 0x0, 0x0, 0x0, 0xef, 0xff,
    0xff, 0xff, 0xff, 0xa0, 0x0, 0x0, 0x8f, 0xff,
    0xe9, 0x78, 0xdf, 0xff, 0xa0, 0x0, 0xe, 0xff,
    0xa0, 0x0, 0x0, 0x8f, 0xff, 0x50, 0x6, 0xff,
    0xd0, 0x0, 0x0, 0x0, 0xaf, 0xfc, 0x0, 0xbf,
    0xf6, 0x0, 0x0, 0x0, 0x3, 0xff, 0xf0, 0xe,
    0xff, 0x30, 0x0, 0x0, 0x0, 0xf, 0xff, 0x20,
    0xff, 0xf2, 0x0, 0x0, 0x0, 0x0, 0xff, 0xf3,
    0xf, 0xff, 0x30, 0x0, 0x0, 0x0, 0xf, 0xff,
    0x10, 0xdf, 0xf8, 0x0, 0x0, 0x0, 0x5, 0xff,
    0xf0, 0x8, 0xff, 0xf2, 0x0, 0x0, 0x0, 0xdf,
    0xf9, 0x0, 0x1f, 0xff, 0xe4, 0x0, 0x3, 0xcf,
    0xff, 0x20, 0x0, 0x5f, 0xff, 0xfe, 0xde, 0xff,
    0xff, 0x60, 0x0, 0x0, 0x4e, 0xff, 0xff, 0xff,
    0xff, 0x50, 0x0, 0x0, 0x0, 0x16, 0xbe, 0xfe,
    0xc7, 0x10, 0x0, 0x0,

    /* U+0037 "7" */
    0x8f, 0xff, 0xff, 0xff, 0xff, 0xff, 0xff, 0xf9,
    0x8f, 0xff, 0xff, 0xff, 0xff, 0xff, 0xff, 0xf9,
    0x8f, 0xff, 0xee, 0xee, 0xee, 0xee, 0xff, 0xf9,
    0x8f, 0xfa, 0x0, 0x0, 0x0, 0x1, 0xff, 0xf5,
    0x8f, 0xfa, 0x0, 0x0, 0x0, 0x7, 0xff, 0xe0,
    0x8f, 0xfa, 0x0, 0x0, 0x0, 0xe, 0xff, 0x80,
    0x49, 0x95, 0x0, 0x0, 0x0, 0x4f, 0xff, 0x20,
    0x0, 0x0, 0x0, 0x0, 0x0, 0xbf, 0xfb, 0x0,
    0x0, 0x0, 0x0, 0x0, 0x2, 0xff, 0xf4, 0x0,
    0x0, 0x0, 0x0, 0x0, 0x8, 0xff, 0xd0, 0x0,
    0x0, 0x0, 0x0, 0x0, 0xe, 0xff, 0x70, 0x0,
    0x0, 0x0, 0x0, 0x0, 0x6f, 0xff, 0x10, 0x0,
    0x0, 0x0, 0x0, 0x0, 0xcf, 0xfa, 0x0, 0x0,
    0x0, 0x0, 0x0, 0x3, 0xff, 0xf3, 0x0, 0x0,
    0x0, 0x0, 0x0, 0xa, 0xff, 0xc0, 0x0, 0x0,
    0x0, 0x0, 0x0, 0x1f, 0xff, 0x60, 0x0, 0x0,
    0x0, 0x0, 0x0, 0x7f, 0xfe, 0x0, 0x0, 0x0,
    0x0, 0x0, 0x0, 0xdf, 0xf8, 0x0, 0x0, 0x0,
    0x0, 0x0, 0x4, 0xff, 0xf2, 0x0, 0x0, 0x0,
    0x0, 0x0, 0xb, 0xff, 0xb0, 0x0, 0x0, 0x0,
    0x0, 0x0, 0x2f, 0xff, 0x50, 0x0, 0x0, 0x0,
    0x0, 0x0, 0x8f, 0xfe, 0x0, 0x0, 0x0, 0x0,
    0x0, 0x0, 0xef, 0xf7, 0x0, 0x0, 0x0, 0x0,

    /* U+0038 "8" */
    0x0, 0x1, 0x7c, 0xef, 0xec, 0x82, 0x0, 0x0,
    0x0, 0x5e, 0xff, 0xff, 0xff, 0xff, 0x70, 0x0,
    0x4, 0xff, 0xff, 0xec, 0xef, 0xff, 0xf7, 0x0,
    0xd, 0xff, 0xd4, 0x0, 0x3, 0xcf, 0xff, 0x10,
    0x3f, 0xff, 0x20, 0x0, 0x0, 0xe, 0xff, 0x60,
    0x5f, 0xfd, 0x0, 0x0, 0x0, 0xa, 0xff, 0x80,
    0x3f, 0xfe, 0x0, 0x0, 0x0, 0xa, 0xff, 0x60,
    0xe, 0xff, 0x40, 0x0, 0x0, 0x2f, 0xff, 0x20,
    0x4, 0xff, 0xf8, 0x20, 0x26, 0xef, 0xf7, 0x0,
    0x0, 0x3c, 0xff, 0xff, 0xff, 0xfd, 0x50, 0x0,
    0x0, 0x6, 0xdf, 0xff, 0xff, 0xe7, 0x10, 0x0,
    0x2, 0xdf, 0xff, 0xdc, 0xdf, 0xff, 0xe4, 0x0,
    0xd, 0xff, 0xc2, 0x0, 0x1, 0xaf, 0xff, 0x20,
    0x7f, 0xfd, 0x0, 0x0, 0x0, 0xb, 0xff, 0xa0,
    0xcf, 0xf6, 0x0, 0x0, 0x0, 0x3, 0xff, 0xf0,
    0xff, 0xf3, 0x0, 0x0, 0x0, 0x0, 0xff, 0xf2,
    0xef, 0xf3, 0x0, 0x0, 0x0, 0x0, 0xff, 0xf2,
    0xcf, 0xf6, 0x0, 0x0, 0x0, 0x3, 0xff, 0xf0,
    0x8f, 0xfe, 0x10, 0x0, 0x0, 0xc, 0xff, 0xb0,
    0x1f, 0xff, 0xd3, 0x0, 0x2, 0xbf, 0xff, 0x40,
    0x5, 0xff, 0xff, 0xed, 0xef, 0xff, 0xf8, 0x0,
    0x0, 0x5e, 0xff, 0xff, 0xff, 0xff, 0x70, 0x0,
    0x0, 0x1, 0x6c, 0xef, 0xec, 0x82, 0x0, 0x0,

    /* U+0039 "9" */
    0x0, 0x0, 0x16, 0xce, 0xfe, 0xc7, 0x10, 0x0,
    0x0, 0x0, 0x5e, 0xff, 0xff, 0xff, 0xff, 0x60,
    0x0, 0x0, 0x5f, 0xff, 0xfe, 0xde, 0xff, 0xff,
    0x80, 0x0, 0x2f, 0xff, 0xd3, 0x0, 0x2, 0xbf,
    0xff, 0x30, 0x8, 0xff, 0xe1, 0x0, 0x0, 0x0,
    0xbf, 0xfb, 0x0, 0xdf, 0xf6, 0x0, 0x0, 0x0,
    0x3, 0xff, 0xf0, 0xf, 0xff, 0x20, 0x0, 0x0,
    0x0, 0xf, 0xff, 0x20, 0xff, 0xf2, 0x0, 0x0,
    0x0, 0x0, 0xff, 0xf3, 0xe, 0xff, 0x50, 0x0,
    0x0, 0x0, 0x1f, 0xff, 0x20, 0xaf, 0xfb, 0x0,
    0x0, 0x0, 0x8, 0xff, 0xe0, 0x4, 0xff, 0xf9,
    0x0, 0x0, 0x7, 0xff, 0xf9, 0x0, 0x9, 0xff,
    0xfe, 0x98, 0x9d, 0xff, 0xff, 0x20, 0x0, 0x9,
    0xff, 0xff, 0xff, 0xff, 0xff, 0xb0, 0x0, 0x0,
    0x3, 0xad, 0xff, 0xbb, 0xff, 0xf3, 0x0, 0x0,
    0x0, 0x0, 0x0, 0x1, 0xff, 0xf9, 0x0, 0x0,
    0x0, 0x0, 0x0, 0x0, 0xaf, 0xff, 0x10, 0x0,
    0x0, 0x0, 0x0, 0x0, 0x3f, 0xff, 0x70, 0x0,
    0x0, 0x0, 0x0, 0x0, 0xc, 0xff, 0xe0, 0x0,
    0x0, 0x0, 0x0, 0x0, 0x5, 0xff, 0xf5, 0x0,
    0x0, 0x0, 0x0, 0x0, 0x0, 0xef, 0xfc, 0x0,
    0x0, 0x0, 0x0, 0x0, 0x0, 0x8f, 0xff, 0x30,
    0x0, 0x0, 0x0, 0x0, 0x0, 0x1f, 0xff, 0x90,
    0x0, 0x0, 0x0, 0x0, 0x0, 0xa, 0xff, 0xf1,
    0x0, 0x0, 0x0, 0x0,

    /* U+003A ":" */
    0x3, 0xcf, 0xd5, 0x0, 0xef, 0xff, 0xf2, 0x1f,
    0xff, 0xff, 0x50, 0xef, 0xff, 0xf1, 0x3, 0xbe,
    0xc4, 0x0, 0x0, 0x0, 0x0, 0x0, 0x0, 0x0,
    0x0, 0x0, 0x0, 0x0, 0x0, 0x0, 0x0, 0x0,
    0x0, 0x0, 0x0, 0x0, 0x0, 0x0, 0x0, 0x0,
    0x0, 0x0, 0x0, 0x0, 0x0, 0x0, 0x3b, 0xec,
    0x40, 0xe, 0xff, 0xff, 0x21, 0xff, 0xff, 0xf5,
    0xe, 0xff, 0xff, 0x20, 0x3c, 0xfd, 0x50,

    /* U+003B ";" */
    0x3, 0xdf, 0xe5, 0x0, 0xef, 0xff, 0xf2, 0x2f,
    0xff, 0xff, 0x50, 0xef, 0xff, 0xf2, 0x3, 0xcf,
    0xd5, 0x0, 0x0, 0x0, 0x0, 0x0, 0x0, 0x0,
    0x0, 0x0, 0x0, 0x0, 0x0, 0x0, 0x0, 0x0,
    0x0, 0x0, 0x0, 0x0, 0x0, 0x0, 0x0, 0x0,
    0x0, 0x0, 0x0, 0x0, 0x0, 0x0, 0xc, 0xdd,
    0xa0, 0x1, 0xff, 0xf9, 0x0, 0x4f, 0xff, 0x50,
    0x7, 0xff, 0xf1, 0x0, 0xaf, 0xfd, 0x0, 0xc,
    0xff, 0xa0, 0x0, 0xff, 0xf6, 0x0, 0x2f, 0xff,
    0x20, 0x5, 0xff, 0xe0, 0x0, 0x8f, 0xfb, 0x0,
    0x0,

    /* U+003C "<" */
    0x0, 0x0, 0x0, 0x0, 0x0, 0x0, 0x0, 0x0,
    0x0, 0x0, 0x0, 0x0, 0x0, 0x2, 0xa8, 0x0,
    0x0, 0x0, 0x0, 0x0, 0x3a, 0xff, 0x80, 0x0,
    0x0, 0x0, 0x3, 0xbf, 0xff, 0xf8, 0x0, 0x0,
    0x0, 0x3b, 0xff, 0xff, 0xd5, 0x0, 0x0, 0x3,
    0xbf, 0xff, 0xfc, 0x50, 0x0, 0x0, 0x3b, 0xff,
    0xff, 0xc4, 0x0, 0x0, 0x2, 0xbf, 0xff, 0xfc,
    0x40, 0x0, 0x0, 0x0, 0x5f, 0xff, 0xb3, 0x0,
    0x0, 0x0, 0x0, 0x5, 0xff, 0x81, 0x0, 0x0,
    0x0, 0x0, 0x0, 0x5f, 0xff, 0xf8, 0x10, 0x0,
    0x0, 0x0, 0x0, 0x8f, 0xff, 0xff, 0x91, 0x0,
    0x0, 0x0, 0x0, 0x18, 0xef, 0xff, 0xf9, 0x20,
    0x0, 0x0, 0x0, 0x0, 0x7e, 0xff, 0xff, 0xa2,
    0x0, 0x0, 0x0, 0x0, 0x7, 0xef, 0xff, 0xfa,
    0x20, 0x0, 0x0, 0x0, 0x0, 0x7e, 0xff, 0xf8,
    0x0, 0x0, 0x0, 0x0, 0x0, 0x7, 0xef, 0x80,
    0x0, 0x0, 0x0, 0x0, 0x0, 0x0, 0x77,

    /* U+003D "=" */
    0x4d, 0xdd, 0xdd, 0xdd, 0xdd, 0xdd, 0xdd, 0x75,
    0xff, 0xff, 0xff, 0xff, 0xff, 0xff, 0xf8, 0x5f,
    0xff, 0xff, 0xff, 0xff, 0xff, 0xff, 0x80, 0x0,
    0x0, 0x0, 0x0, 0x0, 0x0, 0x0, 0x0, 0x0,
    0x0, 0x0, 0x0, 0x0, 0x0, 0x0, 0x0, 0x0,
    0x0, 0x0, 0x0, 0x0, 0x0, 0x0, 0x0, 0x0,
    0x0, 0x0, 0x0, 0x0, 0x0, 0x0, 0x0, 0x0,
    0x0, 0x0, 0x0, 0x0, 0x4d, 0xdd, 0xdd, 0xdd,
    0xdd, 0xdd, 0xdd, 0x75, 0xff, 0xff, 0xff, 0xff,
    0xff, 0xff, 0xf8, 0x5f, 0xff, 0xff, 0xff, 0xff,
    0xff, 0xff, 0x80,

    /* U+003E ">" */
    0x0, 0x0, 0x0, 0x0, 0x0, 0x0, 0x0, 0x5,
    0xc4, 0x0, 0x0, 0x0, 0x0, 0x0, 0x0, 0x5f,
    0xfc, 0x40, 0x0, 0x0, 0x0, 0x0, 0x5, 0xff,
    0xff, 0xc4, 0x0, 0x0, 0x0, 0x0, 0x5, 0xdf,
    0xff, 0xfc, 0x40, 0x0, 0x0, 0x0, 0x0, 0x5c,
    0xff, 0xff, 0xc5, 0x0, 0x0, 0x0, 0x0, 0x4,
    0xcf, 0xff, 0xfd, 0x50, 0x0, 0x0, 0x0, 0x0,
    0x4c, 0xff, 0xff, 0xd3, 0x0, 0x0, 0x0, 0x0,
    0x3, 0xbf, 0xff, 0x80, 0x0, 0x0, 0x0, 0x0,
    0x0, 0x6f, 0xf8, 0x0, 0x0, 0x0, 0x0, 0x5,
    0xcf, 0xff, 0x80, 0x0, 0x0, 0x0, 0x5d, 0xff,
    0xff, 0x92, 0x0, 0x0, 0x6, 0xdf, 0xff, 0xf9,
    0x20, 0x0, 0x0, 0x6e, 0xff, 0xff, 0x91, 0x0,
    0x0, 0x7, 0xef, 0xff, 0xf9, 0x10, 0x0, 0x0,
    0x5, 0xff, 0xff, 0x91, 0x0, 0x0, 0x0, 0x0,
    0x5f, 0xf9, 0x10, 0x0, 0x0, 0x0, 0x0, 0x4,
    0x81, 0x0, 0x0, 0x0, 0x0, 0x0, 0x0,

    /* U+003F "?" */
    0xff, 0xff, 0xfd, 0xb6, 0x0, 0x0, 0xff, 0xff,
    0xff, 0xff, 0xd4, 0x0, 0xff, 0xff, 0xff, 0xff,
    0xff, 0x30, 0x0, 0x0, 0x2, 0x8f, 0xff, 0xd0,
    0x0, 0x0, 0x0, 0x3, 0xff, 0xf4, 0x0, 0x0,
    0x0, 0x0, 0xbf, 0xf7, 0x0, 0x0, 0x0, 0x0,
    0x8f, 0xf9, 0x0, 0x0, 0x0, 0x0, 0x9f, 0xf8,
    0x0, 0x0, 0x0, 0x1, 0xef, 0xf6, 0x0, 0x0,
    0x0, 0x3c, 0xff, 0xf0, 0x0, 0x5a, 0xbd, 0xff,
    0xff, 0x60, 0x0, 0x8f, 0xff, 0xff, 0xf8, 0x0,
    0x0, 0x8f, 0xff, 0xea, 0x30, 0x0, 0x0, 0x8f,
    0xf8, 0x0, 0x0, 0x0, 0x0, 0x8f, 0xf8, 0x0,
    0x0, 0x0, 0x0, 0x7e, 0xe7, 0x0, 0x0, 0x0,
    0x0, 0x0, 0x0, 0x0, 0x0, 0x0, 0x0, 0x0,
    0x0, 0x0, 0x0, 0x0, 0x0, 0x0, 0x0, 0x0,
    0x0, 0x0, 0x0, 0xae, 0xea, 0x0, 0x0, 0x0,
    0x6, 0xff, 0xff, 0x50, 0x0, 0x0, 0x7, 0xff,
    0xff, 0x50, 0x0, 0x0, 0x0, 0xbf, 0xfa, 0x0,
    0x0, 0x0,

    /* U+0040 "@" */
    0x0, 0x0, 0x6, 0xbe, 0xff, 0xeb, 0x60, 0x0,
    0x0, 0x0, 0x3, 0xef, 0xff, 0xff, 0xff, 0xfe,
    0x40, 0x0, 0x0, 0x5f, 0xff, 0xe9, 0x77, 0x8d,
    0xff, 0xf4, 0x0, 0x2, 0xff, 0xf7, 0x0, 0x0,
    0x0, 0x6f, 0xfe, 0x10, 0xb, 0xff, 0x70, 0x0,
    0x0, 0x0, 0x8, 0xff, 0x70, 0x1f, 0xfd, 0x0,
    0x0, 0x0, 0x0, 0x1, 0xff, 0xc0, 0x6f, 0xf7,
    0x0, 0x0, 0x0, 0x0, 0x0, 0xdf, 0xe0, 0x8f,
    0xf3, 0x0, 0x0, 0x0, 0x11, 0x0, 0xbf, 0xf0,
    0xaf, 0xf2, 0x0, 0x0, 0x7e, 0xff, 0xd4, 0xbf,
    0xf0, 0xaf, 0xf1, 0x0, 0x8, 0xff, 0xff, 0xff,
    0xdf, 0xf0, 0xaf, 0xf1, 0x0, 0xf, 0xff, 0x50,
    0x1a, 0xff, 0xf0, 0xaf, 0xf1, 0x0, 0x4f, 0xf9,
    0x0, 0x0, 0xef, 0xf0, 0xaf, 0xf1, 0x0, 0x6f,
    0xf6, 0x0, 0x0, 0xcf, 0xf0, 0xaf, 0xf1, 0x0,
    0x6f, 0xf5, 0x0, 0x0, 0xbf, 0xf0, 0xaf, 0xf1,
    0x0, 0x6f, 0xf5, 0x0, 0x0, 0xbf, 0xf0, 0xaf,
    0xf1, 0x0, 0x6f, 0xf5, 0x0, 0x0, 0xbf, 0xf0,
    0xaf, 0xf1, 0x0, 0x5f, 0xf6, 0x0, 0x0, 0xcf,
    0xf0, 0xaf, 0xf1, 0x0, 0x4f, 0xf9, 0x0, 0x0,
    0xff, 0xd0, 0xaf, 0xf1, 0x0, 0xe, 0xff, 0x50,
    0x2a, 0xff, 0x80, 0xaf, 0xf1, 0x0, 0x5, 0xff,
    0xff, 0xff, 0xfd, 0x0, 0xaf, 0xf2, 0x0, 0x0,
    0x4d, 0xff, 0xff, 0xa1, 0x0, 0x8f, 0xf4, 0x0,
    0x0, 0x0, 0x24, 0x30, 0x0, 0x0, 0x5f, 0xf8,
    0x0, 0x0, 0x0, 0x0, 0x0, 0x0, 0x0, 0x1f,
    0xfe, 0x0, 0x0, 0x0, 0x0, 0x0, 0x0, 0x0,
    0xa, 0xff, 0xa0, 0x0, 0x0, 0x0, 0x0, 0x0,
    0x0, 0x1, 0xef, 0xfb, 0x20, 0x0, 0x0, 0x0,
    0x0, 0x0, 0x0, 0x3f, 0xff, 0xfc, 0xa9, 0x99,
    0x80, 0x0, 0x0, 0x0, 0x2, 0xcf, 0xff, 0xff,
    0xff, 0xe0, 0x0, 0x0, 0x0, 0x0, 0x4, 0xad,
    0xff, 0xff, 0xe0, 0x0, 0x0,

    /* U+0041 "A" */
    0x0, 0x0, 0x0, 0x9f, 0xff, 0xd0, 0x0, 0x0,
    0x0, 0x0, 0x0, 0xe, 0xff, 0xff, 0x10, 0x0,
    0x0, 0x0, 0x0, 0x2, 0xff, 0xff, 0xf5, 0x0,
    0x0, 0x0, 0x0, 0x0, 0x6f, 0xfa, 0xff, 0xa0,
    0x0, 0x0, 0x0, 0x0, 0xa, 0xff, 0x3f, 0xfe,
    0x0, 0x0, 0x0, 0x0, 0x0, 0xef, 0xf0, 0xcf,
    0xf2, 0x0, 0x0, 0x0, 0x0, 0x3f, 0xfb, 0x8,
    0xff, 0x60, 0x0, 0x0, 0x0, 0x7, 0xff, 0x80,
    0x4f, 0xfa, 0x0, 0x0, 0x0, 0x0, 0xbf, 0xf4,
    0x0, 0xff, 0xe0, 0x0, 0x0, 0x0, 0xf, 0xff,
    0x0, 0xc, 0xff, 0x30, 0x0, 0x0, 0x3, 0xff,
    0xc0, 0x0, 0x8f, 0xf7, 0x0, 0x0, 0x0, 0x8f,
    0xf8, 0x0, 0x5, 0xff, 0xb0, 0x0, 0x0, 0xc,
    0xff, 0x40, 0x0, 0x1f, 0xff, 0x0, 0x0, 0x0,
    0xff, 0xf0, 0x0, 0x0, 0xdf, 0xf3, 0x0, 0x0,
    0x4f, 0xff, 0xaa, 0xaa, 0xad, 0xff, 0x80, 0x0,
    0x8, 0xff, 0xff, 0xff, 0xff, 0xff, 0xfc, 0x0,
    0x0, 0xdf, 0xff, 0xff, 0xff, 0xff, 0xff, 0xf0,
    0x0, 0x1f, 0xff, 0x0, 0x0, 0x0, 0xd, 0xff,
    0x40, 0x5, 0xff, 0xc0, 0x0, 0x0, 0x0, 0x9f,
    0xf8, 0x0, 0x9f, 0xf8, 0x0, 0x0, 0x0, 0x5,
    0xff, 0xd0, 0xe, 0xff, 0x50, 0x0, 0x0, 0x0,
    0x1f, 0xff, 0x12, 0xff, 0xf1, 0x0, 0x0, 0x0,
    0x0, 0xdf, 0xf5, 0x6f, 0xfd, 0x0, 0x0, 0x0,
    0x0, 0x9, 0xff, 0x90,

    /* U+0042 "B" */
    0x2f, 0xff, 0xff, 0xff, 0xfd, 0x93, 0x0, 0x0,
    0x2f, 0xff, 0xff, 0xff, 0xff, 0xff, 0x90, 0x0,
    0x2f, 0xff, 0xcc, 0xcc, 0xef, 0xff, 0xf9, 0x0,
    0x2f, 0xff, 0x0, 0x0, 0x3, 0xcf, 0xff, 0x20,
    0x2f, 0xff, 0x0, 0x0, 0x0, 0x1e, 0xff, 0x60,
    0x2f, 0xff, 0x0, 0x0, 0x0, 0xa, 0xff, 0x80,
    0x2f, 0xff, 0x0, 0x0, 0x0, 0xa, 0xff, 0x70,
    0x2f, 0xff, 0x0, 0x0, 0x0, 0xe, 0xff, 0x30,
    0x2f, 0xff, 0x0, 0x0, 0x1, 0xbf, 0xfa, 0x0,
    0x2f, 0xff, 0xbb, 0xbb, 0xdf, 0xff, 0xa0, 0x0,
    0x2f, 0xff, 0xff, 0xff, 0xff, 0xe5, 0x0, 0x0,
    0x2f, 0xff, 0xff, 0xff, 0xff, 0xff, 0xa0, 0x0,
    0x2f, 0xff, 0x0, 0x0, 0x15, 0xdf, 0xfc, 0x0,
    0x2f, 0xff, 0x0, 0x0, 0x0, 0x1d, 0xff, 0x60,
    0x2f, 0xff, 0x0, 0x0, 0x0, 0x5, 0xff, 0xd0,
    0x2f, 0xff, 0x0, 0x0, 0x0, 0x1, 0xff, 0xf0,
    0x2f, 0xff, 0x0, 0x0, 0x0, 0x1, 0xff, 0xf1,
    0x2f, 0xff, 0x0, 0x0, 0x0, 0x3, 0xff, 0xf0,
    0x2f, 0xff, 0x0, 0x0, 0x0, 0xa, 0xff, 0xd0,
    0x2f, 0xff, 0x0, 0x0, 0x1, 0x9f, 0xff, 0x70,
    0x2f, 0xff, 0xcc, 0xcc, 0xdf, 0xff, 0xfc, 0x0,
    0x2f, 0xff, 0xff, 0xff, 0xff, 0xff, 0xb1, 0x0,
    0x2f, 0xff, 0xff, 0xff, 0xfe, 0xa5, 0x0, 0x0,

    /* U+0043 "C" */
    0x0, 0x0, 0x5b, 0xef, 0xfd, 0x93, 0x0, 0x0,
    0x2, 0xcf, 0xff, 0xff, 0xff, 0xf9, 0x0, 0x1,
    0xdf, 0xff, 0xfe, 0xef, 0xff, 0xf9, 0x0, 0x8f,
    0xff, 0x80, 0x0, 0x2b, 0xff, 0xf3, 0xe, 0xff,
    0x70, 0x0, 0x0, 0xc, 0xff, 0x91, 0xff, 0xf1,
    0x0, 0x0, 0x0, 0x6f, 0xfc, 0x2f, 0xff, 0x0,
    0x0, 0x0, 0x2, 0x88, 0x73, 0xff, 0xf0, 0x0,
    0x0, 0x0, 0x0, 0x0, 0x3f, 0xff, 0x0, 0x0,
    0x0, 0x0, 0x0, 0x3, 0xff, 0xf0, 0x0, 0x0,
    0x0, 0x0, 0x0, 0x3f, 0xff, 0x0, 0x0, 0x0,
    0x0, 0x0, 0x3, 0xff, 0xf0, 0x0, 0x0, 0x0,
    0x0, 0x0, 0x3f, 0xff, 0x0, 0x0, 0x0, 0x0,
    0x0, 0x3, 0xff, 0xf0, 0x0, 0x0, 0x0, 0x0,
    0x0, 0x3f, 0xff, 0x0, 0x0, 0x0, 0x0, 0x0,
    0x3, 0xff, 0xf0, 0x0, 0x0, 0x0, 0x0, 0x0,
    0x2f, 0xff, 0x0, 0x0, 0x0, 0x2, 0x99, 0x71,
    0xff, 0xf1, 0x0, 0x0, 0x0, 0x6f, 0xfc, 0xe,
    0xff, 0x70, 0x0, 0x0, 0xc, 0xff, 0x80, 0x8f,
    0xff, 0x80, 0x0, 0x2b, 0xff, 0xf3, 0x1, 0xdf,
    0xff, 0xfe, 0xef, 0xff, 0xf9, 0x0, 0x2, 0xcf,
    0xff, 0xff, 0xff, 0xf9, 0x0, 0x0, 0x0, 0x5b,
    0xef, 0xfd, 0x93, 0x0, 0x0,

    /* U+0044 "D" */
    0x3f, 0xff, 0xff, 0xff, 0xda, 0x50, 0x0, 0x3,
    0xff, 0xff, 0xff, 0xff, 0xff, 0xc2, 0x0, 0x3f,
    0xff, 0xdd, 0xdd, 0xff, 0xff, 0xe1, 0x3, 0xff,
    0xf0, 0x0, 0x0, 0x6f, 0xff, 0xb0, 0x3f, 0xff,
    0x0, 0x0, 0x0, 0x5f, 0xff, 0x23, 0xff, 0xf0,
    0x0, 0x0, 0x0, 0xdf, 0xf6, 0x3f, 0xff, 0x0,
    0x0, 0x0, 0xa, 0xff, 0x83, 0xff, 0xf0, 0x0,
    0x0, 0x0, 0x9f, 0xf9, 0x3f, 0xff, 0x0, 0x0,
    0x0, 0x9, 0xff, 0x93, 0xff, 0xf0, 0x0, 0x0,
    0x0, 0x9f, 0xf9, 0x3f, 0xff, 0x0, 0x0, 0x0,
    0x9, 0xff, 0x93, 0xff, 0xf0, 0x0, 0x0, 0x0,
    0x9f, 0xf9, 0x3f, 0xff, 0x0, 0x0, 0x0, 0x9,
    0xff, 0x93, 0xff, 0xf0, 0x0, 0x0, 0x0, 0x9f,
    0xf9, 0x3f, 0xff, 0x0, 0x0, 0x0, 0x9, 0xff,
    0x93, 0xff, 0xf0, 0x0, 0x0, 0x0, 0x9f, 0xf9,
    0x3f, 0xff, 0x0, 0x0, 0x0, 0xa, 0xff, 0x83,
    0xff, 0xf0, 0x0, 0x0, 0x0, 0xdf, 0xf6, 0x3f,
    0xff, 0x0, 0x0, 0x0, 0x5f, 0xff, 0x23, 0xff,
    0xf0, 0x0, 0x0, 0x6f, 0xff, 0xb0, 0x3f, 0xff,
    0xdd, 0xdd, 0xff, 0xff, 0xe1, 0x3, 0xff, 0xff,
    0xff, 0xff, 0xff, 0xc2, 0x0, 0x3f, 0xff, 0xff,
    0xff, 0xda, 0x50, 0x0, 0x0,

    /* U+0045 "E" */
    0xef, 0xff, 0xff, 0xff, 0xff, 0xff, 0xfb, 0xef,
    0xff, 0xff, 0xff, 0xff, 0xff, 0xfb, 0xef, 0xfe,
    0xee, 0xee, 0xee, 0xee, 0xe9, 0xef, 0xf3, 0x0,
    0x0, 0x0, 0x0, 0x0, 0xef, 0xf3, 0x0, 0x0,
    0x0, 0x0, 0x0, 0xef, 0xf3, 0x0, 0x0, 0x0,
    0x0, 0x0, 0xef, 0xf3, 0x0, 0x0, 0x0, 0x0,
    0x0, 0xef, 0xf3, 0x0, 0x0, 0x0, 0x0, 0x0,
    0xef, 0xf3, 0x0, 0x0, 0x0, 0x0, 0x0, 0xef,
    0xfd, 0xcc, 0xcc, 0xcc, 0xcc, 0x70, 0xef, 0xff,
    0xff, 0xff, 0xff, 0xff, 0x90, 0xef, 0xff, 0xff,
    0xff, 0xff, 0xff, 0x90, 0xef, 0xf3, 0x0, 0x0,
    0x0, 0x0, 0x0, 0xef, 0xf3, 0x0, 0x0, 0x0,
    0x0, 0x0, 0xef, 0xf3, 0x0, 0x0, 0x0, 0x0,
    0x0, 0xef, 0xf3, 0x0, 0x0, 0x0, 0x0, 0x0,
    0xef, 0xf3, 0x0, 0x0, 0x0, 0x0, 0x0, 0xef,
    0xf3, 0x0, 0x0, 0x0, 0x0, 0x0, 0xef, 0xf3,
    0x0, 0x0, 0x0, 0x0, 0x0, 0xef, 0xf3, 0x0,
    0x0, 0x0, 0x0, 0x0, 0xef, 0xfe, 0xdd, 0xdd,
    0xdd, 0xdd, 0xd9, 0xef, 0xff, 0xff, 0xff, 0xff,
    0xff, 0xfb, 0xef, 0xff, 0xff, 0xff, 0xff, 0xff,
    0xfb,

    /* U+0046 "F" */
    0x1f, 0xff, 0xff, 0xff, 0xff, 0xff, 0xff, 0xd1,
    0xff, 0xff, 0xff, 0xff, 0xff, 0xff, 0xfd, 0x1f,
    0xff, 0xff, 0xff, 0xff, 0xff, 0xff, 0xc1, 0xff,
    0xf0, 0x0, 0x0, 0x0, 0x0, 0x0, 0x1f, 0xff,
    0x0, 0x0, 0x0, 0x0, 0x0, 0x1, 0xff, 0xf0,
    0x0, 0x0, 0x0, 0x0, 0x0, 0x1f, 0xff, 0x0,
    0x0, 0x0, 0x0, 0x0, 0x1, 0xff, 0xf0, 0x0,
    0x0, 0x0, 0x0, 0x0, 0x1f, 0xff, 0x0, 0x0,
    0x0, 0x0, 0x0, 0x1, 0xff, 0xf0, 0x0, 0x0,
    0x0, 0x0, 0x0, 0x1f, 0xff, 0xff, 0xff, 0xff,
    0xff, 0xff, 0x1, 0xff, 0xff, 0xff, 0xff, 0xff,
    0xff, 0xf0, 0x1f, 0xff, 0xee, 0xee, 0xee, 0xee,
    0xee, 0x1, 0xff, 0xf1, 0x0, 0x0, 0x0, 0x0,
    0x0, 0x1f, 0xff, 0x10, 0x0, 0x0, 0x0, 0x0,
    0x1, 0xff, 0xf1, 0x0, 0x0, 0x0, 0x0, 0x0,
    0x1f, 0xff, 0x10, 0x0, 0x0, 0x0, 0x0, 0x1,
    0xff, 0xf1, 0x0, 0x0, 0x0, 0x0, 0x0, 0x1f,
    0xff, 0x10, 0x0, 0x0, 0x0, 0x0, 0x1, 0xff,
    0xf1, 0x0, 0x0, 0x0, 0x0, 0x0, 0x1f, 0xff,
    0x10, 0x0, 0x0, 0x0, 0x0, 0x1, 0xff, 0xf1,
    0x0, 0x0, 0x0, 0x0, 0x0, 0x1f, 0xff, 0x10,
    0x0, 0x0, 0x0, 0x0, 0x0,

    /* U+0047 "G" */
    0x0, 0x0, 0x6b, 0xef, 0xfd, 0x92, 0x0, 0x0,
    0x3, 0xdf, 0xff, 0xff, 0xff, 0xf8, 0x0, 0x2,
    0xef, 0xff, 0xfd, 0xef, 0xff, 0xf8, 0x0, 0xaf,
    0xff, 0x60, 0x0, 0x2b, 0xff, 0xf2, 0xf, 0xff,
    0x50, 0x0, 0x0, 0xd, 0xff, 0x83, 0xff, 0xf0,
    0x0, 0x0, 0x0, 0x8f, 0xfa, 0x4f, 0xfd, 0x0,
    0x0, 0x0, 0x1, 0x33, 0x25, 0xff, 0xd0, 0x0,
    0x0, 0x0, 0x0, 0x0, 0x5f, 0xfd, 0x0, 0x0,
    0x0, 0x0, 0x0, 0x5, 0xff, 0xd0, 0x0, 0x0,
    0x0, 0x0, 0x0, 0x5f, 0xfd, 0x0, 0xc, 0xdd,
    0xdd, 0xdd, 0x95, 0xff, 0xd0, 0x0, 0xff, 0xff,
    0xff, 0xfb, 0x5f, 0xfd, 0x0, 0xf, 0xff, 0xff,
    0xff, 0xb5, 0xff, 0xd0, 0x0, 0x0, 0x0, 0x7f,
    0xfb, 0x5f, 0xfd, 0x0, 0x0, 0x0, 0x7, 0xff,
    0xb5, 0xff, 0xd0, 0x0, 0x0, 0x0, 0x7f, 0xfb,
    0x4f, 0xfd, 0x0, 0x0, 0x0, 0x7, 0xff, 0xb3,
    0xff, 0xf0, 0x0, 0x0, 0x0, 0x9f, 0xf9, 0xf,
    0xff, 0x50, 0x0, 0x0, 0x1f, 0xff, 0x60, 0xaf,
    0xff, 0x60, 0x0, 0x3c, 0xff, 0xe0, 0x2, 0xef,
    0xff, 0xfd, 0xef, 0xff, 0xf5, 0x0, 0x3, 0xdf,
    0xff, 0xff, 0xff, 0xf6, 0x0, 0x0, 0x0, 0x6b,
    0xef, 0xfd, 0x81, 0x0, 0x0,

    /* U+0048 "H" */
    0x2f, 0xff, 0x0, 0x0, 0x0, 0xd, 0xff, 0x52,
    0xff, 0xf0, 0x0, 0x0, 0x0, 0xdf, 0xf5, 0x2f,
    0xff, 0x0, 0x0, 0x0, 0xd, 0xff, 0x52, 0xff,
    0xf0, 0x0, 0x0, 0x0, 0xdf, 0xf5, 0x2f, 0xff,
    0x0, 0x0, 0x0, 0xd, 0xff, 0x52, 0xff, 0xf0,
    0x0, 0x0, 0x0, 0xdf, 0xf5, 0x2f, 0xff, 0x0,
    0x0, 0x0, 0xd, 0xff, 0x52, 0xff, 0xf0, 0x0,
    0x0, 0x0, 0xdf, 0xf5, 0x2f, 0xff, 0x0, 0x0,
    0x0, 0xd, 0xff, 0x52, 0xff, 0xfe, 0xee, 0xee,
    0xee, 0xff, 0xf5, 0x2f, 0xff, 0xff, 0xff, 0xff,
    0xff, 0xff, 0x52, 0xff, 0xff, 0xff, 0xff, 0xff,
    0xff, 0xf5, 0x2f, 0xff, 0x0, 0x0, 0x0, 0xd,
    0xff, 0x52, 0xff, 0xf0, 0x0, 0x0, 0x0, 0xdf,
    0xf5, 0x2f, 0xff, 0x0, 0x0, 0x0, 0xd, 0xff,
    0x52, 0xff, 0xf0, 0x0, 0x0, 0x0, 0xdf, 0xf5,
    0x2f, 0xff, 0x0, 0x0, 0x0, 0xd, 0xff, 0x52,
    0xff, 0xf0, 0x0, 0x0, 0x0, 0xdf, 0xf5, 0x2f,
    0xff, 0x0, 0x0, 0x0, 0xd, 0xff, 0x52, 0xff,
    0xf0, 0x0, 0x0, 0x0, 0xdf, 0xf5, 0x2f, 0xff,
    0x0, 0x0, 0x0, 0xd, 0xff, 0x52, 0xff, 0xf0,
    0x0, 0x0, 0x0, 0xdf, 0xf5, 0x2f, 0xff, 0x0,
    0x0, 0x0, 0xd, 0xff, 0x50,

    /* U+0049 "I" */
    0xcf, 0xff, 0xff, 0xff, 0xff, 0xff, 0xfc, 0xff,
    0xff, 0xff, 0xff, 0xff, 0xff, 0xbe, 0xee, 0xef,
    0xff, 0xee, 0xee, 0xe0, 0x0, 0x0, 0xff, 0xf3,
    0x0, 0x0, 0x0, 0x0, 0xf, 0xff, 0x30, 0x0,
    0x0, 0x0, 0x0, 0xff, 0xf3, 0x0, 0x0, 0x0,
    0x0, 0xf, 0xff, 0x30, 0x0, 0x0, 0x0, 0x0,
    0xff, 0xf3, 0x0, 0x0, 0x0, 0x0, 0xf, 0xff,
    0x30, 0x0, 0x0, 0x0, 0x0, 0xff, 0xf3, 0x0,
    0x0, 0x0, 0x0, 0xf, 0xff, 0x30, 0x0, 0x0,
    0x0, 0x0, 0xff, 0xf3, 0x0, 0x0, 0x0, 0x0,
    0xf, 0xff, 0x30, 0x0, 0x0, 0x0, 0x0, 0xff,
    0xf3, 0x0, 0x0, 0x0, 0x0, 0xf, 0xff, 0x30,
    0x0, 0x0, 0x0, 0x0, 0xff, 0xf3, 0x0, 0x0,
    0x0, 0x0, 0xf, 0xff, 0x30, 0x0, 0x0, 0x0,
    0x0, 0xff, 0xf3, 0x0, 0x0, 0x0, 0x0, 0xf,
    0xff, 0x30, 0x0, 0x0, 0x0, 0x0, 0xff, 0xf3,
    0x0, 0x0, 0xae, 0xee, 0xef, 0xff, 0xee, 0xee,
    0xdc, 0xff, 0xff, 0xff, 0xff, 0xff, 0xff, 0xcf,
    0xff, 0xff, 0xff, 0xff, 0xff, 0xf0,

    /* U+004A "J" */
    0x0, 0x0, 0x0, 0x0, 0x0, 0x3, 0xff, 0xf0,
    0x0, 0x0, 0x0, 0x0, 0x0, 0x3f, 0xff, 0x0,
    0x0, 0x0, 0x0, 0x0, 0x3, 0xff, 0xf0, 0x0,
    0x0, 0x0, 0x0, 0x0, 0x3f, 0xff, 0x0, 0x0,
    0x0, 0x0, 0x0, 0x3, 0xff, 0xf0, 0x0, 0x0,
    0x0, 0x0, 0x0, 0x3f, 0xff, 0x0, 0x0, 0x0,
    0x0, 0x0, 0x3, 0xff, 0xf0, 0x0, 0x0, 0x0,
    0x0, 0x0, 0x3f, 0xff, 0x0, 0x0, 0x0, 0x0,
    0x0, 0x3, 0xff, 0xf0, 0x0, 0x0, 0x0, 0x0,
    0x0, 0x3f, 0xff, 0x0, 0x0, 0x0, 0x0, 0x0,
    0x3, 0xff, 0xf0, 0x0, 0x0, 0x0, 0x0, 0x0,
    0x3f, 0xff, 0x0, 0x0, 0x0, 0x0, 0x0, 0x3,
    0xff, 0xf0, 0x0, 0x0, 0x0, 0x0, 0x0, 0x3f,
    0xff, 0x0, 0x0, 0x0, 0x0, 0x0, 0x3, 0xff,
    0xf0, 0x0, 0x0, 0x0, 0x0, 0x0, 0x3f, 0xff,
    0xaf, 0xf8, 0x0, 0x0, 0x0, 0x3, 0xff, 0xe8,
    0xff, 0xb0, 0x0, 0x0, 0x0, 0x6f, 0xfd, 0x4f,
    0xff, 0x20, 0x0, 0x0, 0xd, 0xff, 0x90, 0xef,
    0xfe, 0x40, 0x0, 0x2b, 0xff, 0xf3, 0x4, 0xff,
    0xff, 0xfd, 0xef, 0xff, 0xf8, 0x0, 0x4, 0xef,
    0xff, 0xff, 0xff, 0xf8, 0x0, 0x0, 0x1, 0x7c,
    0xef, 0xfd, 0x92, 0x0, 0x0,

    /* U+004B "K" */
    0x3f, 0xff, 0x0, 0x0, 0x0, 0x1, 0xff, 0xf6,
    0x3f, 0xff, 0x0, 0x0, 0x0, 0x9, 0xff, 0xd0,
    0x3f, 0xff, 0x0, 0x0, 0x0, 0x2f, 0xff, 0x50,
    0x3f, 0xff, 0x0, 0x0, 0x0, 0xaf, 0xfc, 0x0,
    0x3f, 0xff, 0x0, 0x0, 0x3, 0xff, 0xf4, 0x0,
    0x3f, 0xff, 0x0, 0x0, 0xb, 0xff, 0xb0, 0x0,
    0x3f, 0xff, 0x0, 0x0, 0x4f, 0xff, 0x30, 0x0,
    0x3f, 0xff, 0x0, 0x0, 0xdf, 0xfa, 0x0, 0x0,
    0x3f, 0xff, 0x0, 0x5, 0xff, 0xf2, 0x0, 0x0,
    0x3f, 0xff, 0xcc, 0xcf, 0xff, 0x90, 0x0, 0x0,
    0x3f, 0xff, 0xff, 0xff, 0xff, 0x20, 0x0, 0x0,
    0x3f, 0xff, 0xff, 0xff, 0xff, 0x80, 0x0, 0x0,
    0x3f, 0xff, 0x0, 0x9, 0xff, 0xe0, 0x0, 0x0,
    0x3f, 0xff, 0x0, 0x1, 0xff, 0xf7, 0x0, 0x0,
    0x3f, 0xff, 0x0, 0x0, 0xaf, 0xfe, 0x0, 0x0,
    0x3f, 0xff, 0x0, 0x0, 0x2f, 0xff, 0x60, 0x0,
    0x3f, 0xff, 0x0, 0x0, 0xa, 0xff, 0xd0, 0x0,
    0x3f, 0xff, 0x0, 0x0, 0x3, 0xff, 0xf5, 0x0,
    0x3f, 0xff, 0x0, 0x0, 0x0, 0xbf, 0xfd, 0x0,
    0x3f, 0xff, 0x0, 0x0, 0x0, 0x4f, 0xff, 0x50,
    0x3f, 0xff, 0x0, 0x0, 0x0, 0xc, 0xff, 0xc0,
    0x3f, 0xff, 0x0, 0x0, 0x0, 0x4, 0xff, 0xf4,
    0x3f, 0xff, 0x0, 0x0, 0x0, 0x0, 0xdf, 0xfb,

    /* U+004C "L" */
    0xef, 0xf4, 0x0, 0x0, 0x0, 0x0, 0x0, 0xef,
    0xf4, 0x0, 0x0, 0x0, 0x0, 0x0, 0xef, 0xf4,
    0x0, 0x0, 0x0, 0x0, 0x0, 0xef, 0xf4, 0x0,
    0x0, 0x0, 0x0, 0x0, 0xef, 0xf4, 0x0, 0x0,
    0x0, 0x0, 0x0, 0xef, 0xf4, 0x0, 0x0, 0x0,
    0x0, 0x0, 0xef, 0xf4, 0x0, 0x0, 0x0, 0x0,
    0x0, 0xef, 0xf4, 0x0, 0x0, 0x0, 0x0, 0x0,
    0xef, 0xf4, 0x0, 0x0, 0x0, 0x0, 0x0, 0xef,
    0xf4, 0x0, 0x0, 0x0, 0x0, 0x0, 0xef, 0xf4,
    0x0, 0x0, 0x0, 0x0, 0x0, 0xef, 0xf4, 0x0,
    0x0, 0x0, 0x0, 0x0, 0xef, 0xf4, 0x0, 0x0,
    0x0, 0x0, 0x0, 0xef, 0xf4, 0x0, 0x0, 0x0,
    0x0, 0x0, 0xef, 0xf4, 0x0, 0x0, 0x0, 0x0,
    0x0, 0xef, 0xf4, 0x0, 0x0, 0x0, 0x0, 0x0,
    0xef, 0xf4, 0x0, 0x0, 0x0, 0x0, 0x0, 0xef,
    0xf4, 0x0, 0x0, 0x0, 0x0, 0x0, 0xef, 0xf4,
    0x0, 0x0, 0x0, 0x0, 0x0, 0xef, 0xf4, 0x0,
    0x0, 0x0, 0x0, 0x0, 0xef, 0xfe, 0xee, 0xee,
    0xee, 0xee, 0xe9, 0xef, 0xff, 0xff, 0xff, 0xff,
    0xff, 0xfa, 0xef, 0xff, 0xff, 0xff, 0xff, 0xff,
    0xfa,

    /* U+004D "M" */
    0xdf, 0xff, 0xc0, 0x0, 0x0, 0x9f, 0xff, 0xf1,
    0xdf, 0xff, 0xf1, 0x0, 0x0, 0xef, 0xef, 0xf1,
    0xdf, 0xcf, 0xf6, 0x0, 0x3, 0xff, 0xaf, 0xf1,
    0xdf, 0xdb, 0xfa, 0x0, 0x8, 0xfb, 0xaf, 0xf1,
    0xdf, 0xe6, 0xff, 0x0, 0xd, 0xf6, 0xbf, 0xf1,
    0xdf, 0xf1, 0xff, 0x30, 0x2f, 0xf1, 0xcf, 0xf1,
    0xdf, 0xf0, 0xcf, 0x80, 0x6f, 0xc0, 0xdf, 0xf1,
    0xdf, 0xf1, 0x7f, 0xd0, 0xbf, 0x70, 0xdf, 0xf1,
    0xdf, 0xf1, 0x2f, 0xf2, 0xff, 0x20, 0xef, 0xf1,
    0xdf, 0xf2, 0xd, 0xfb, 0xfd, 0x0, 0xff, 0xf1,
    0xdf, 0xf2, 0x8, 0xff, 0xf8, 0x0, 0xff, 0xf1,
    0xdf, 0xf2, 0x3, 0xff, 0xf3, 0x0, 0xff, 0xf1,
    0xdf, 0xf2, 0x0, 0xcc, 0xc0, 0x0, 0xff, 0xf1,
    0xdf, 0xf3, 0x0, 0x0, 0x0, 0x0, 0xff, 0xf1,
    0xdf, 0xf3, 0x0, 0x0, 0x0, 0x0, 0xff, 0xf1,
    0xdf, 0xf3, 0x0, 0x0, 0x0, 0x0, 0xff, 0xf1,
    0xdf, 0xf3, 0x0, 0x0, 0x0, 0x0, 0xff, 0xf1,
    0xdf, 0xf3, 0x0, 0x0, 0x0, 0x0, 0xff, 0xf1,
    0xdf, 0xf3, 0x0, 0x0, 0x0, 0x0, 0xff, 0xf1,
    0xdf, 0xf3, 0x0, 0x0, 0x0, 0x0, 0xff, 0xf1,
    0xdf, 0xf3, 0x0, 0x0, 0x0, 0x0, 0xff, 0xf1,
    0xdf, 0xf3, 0x0, 0x0, 0x0, 0x0, 0xff, 0xf1,
    0xdf, 0xf3, 0x0, 0x0, 0x0, 0x0, 0xff, 0xf1,

    /* U+004E "N" */
    0x4f, 0xff, 0xf0, 0x0, 0x0, 0x8, 0xff, 0x74,
    0xff, 0xff, 0x60, 0x0, 0x0, 0x8f, 0xf7, 0x4f,
    0xff, 0xfb, 0x0, 0x0, 0x8, 0xff, 0x74, 0xff,
    0xff, 0xf1, 0x0, 0x0, 0x8f, 0xf7, 0x4f, 0xfb,
    0xff, 0x70, 0x0, 0x8, 0xff, 0x74, 0xff, 0x8e,
    0xfd, 0x0, 0x0, 0x8f, 0xf7, 0x4f, 0xf9, 0x8f,
    0xf2, 0x0, 0x8, 0xff, 0x74, 0xff, 0xa2, 0xff,
    0x80, 0x0, 0x8f, 0xf7, 0x4f, 0xfa, 0xd, 0xfe,
    0x0, 0x8, 0xff, 0x74, 0xff, 0xb0, 0x7f, 0xf4,
    0x0, 0x8f, 0xf7, 0x4f, 0xfb, 0x1, 0xff, 0x90,
    0x8, 0xff, 0x74, 0xff, 0xb0, 0xb, 0xff, 0x0,
    0x8f, 0xf7, 0x4f, 0xfb, 0x0, 0x6f, 0xf5, 0x8,
    0xff, 0x74, 0xff, 0xb0, 0x0, 0xff, 0xb0, 0x8f,
    0xf7, 0x4f, 0xfb, 0x0, 0xa, 0xff, 0x17, 0xff,
    0x74, 0xff, 0xb0, 0x0, 0x5f, 0xf6, 0x7f, 0xf7,
    0x4f, 0xfb, 0x0, 0x0, 0xef, 0xc6, 0xff, 0x74,
    0xff, 0xb0, 0x0, 0x9, 0xff, 0x7f, 0xf7, 0x4f,
    0xfb, 0x0, 0x0, 0x3f, 0xfc, 0xff, 0x74, 0xff,
    0xb0, 0x0, 0x0, 0xef, 0xff, 0xf7, 0x4f, 0xfb,
    0x0, 0x0, 0x8, 0xff, 0xff, 0x74, 0xff, 0xb0,
    0x0, 0x0, 0x2f, 0xff, 0xf7, 0x4f, 0xfb, 0x0,
    0x0, 0x0, 0xdf, 0xff, 0x70,

    /* U+004F "O" */
    0x0, 0x0, 0x6b, 0xef, 0xec, 0x81, 0x0, 0x0,
    0x3, 0xef, 0xff, 0xff, 0xff, 0xf5, 0x0, 0x1,
    0xef, 0xff, 0xfd, 0xff, 0xff, 0xf4, 0x0, 0xaf,
    0xff, 0x50, 0x0, 0x4d, 0xff, 0xd0, 0xf, 0xff,
    0x60, 0x0, 0x0, 0x3f, 0xff, 0x33, 0xff, 0xf0,
    0x0, 0x0, 0x0, 0xdf, 0xf6, 0x4f, 0xfe, 0x0,
    0x0, 0x0, 0xa, 0xff, 0x75, 0xff, 0xd0, 0x0,
    0x0, 0x0, 0xaf, 0xf8, 0x5f, 0xfd, 0x0, 0x0,
    0x0, 0xa, 0xff, 0x85, 0xff, 0xd0, 0x0, 0x0,
    0x0, 0xaf, 0xf8, 0x5f, 0xfd, 0x0, 0x0, 0x0,
    0xa, 0xff, 0x85, 0xff, 0xd0, 0x0, 0x0, 0x0,
    0xaf, 0xf8, 0x5f, 0xfd, 0x0, 0x0, 0x0, 0xa,
    0xff, 0x85, 0xff, 0xd0, 0x0, 0x0, 0x0, 0xaf,
    0xf8, 0x5f, 0xfd, 0x0, 0x0, 0x0, 0xa, 0xff,
    0x85, 0xff, 0xd0, 0x0, 0x0, 0x0, 0xaf, 0xf8,
    0x4f, 0xfe, 0x0, 0x0, 0x0, 0xa, 0xff, 0x73,
    0xff, 0xf0, 0x0, 0x0, 0x0, 0xdf, 0xf6, 0xf,
    0xff, 0x60, 0x0, 0x0, 0x3f, 0xff, 0x30, 0xaf,
    0xff, 0x60, 0x0, 0x4d, 0xff, 0xd0, 0x1, 0xef,
    0xff, 0xfd, 0xff, 0xff, 0xf4, 0x0, 0x3, 0xef,
    0xff, 0xff, 0xff, 0xf5, 0x0, 0x0, 0x0, 0x6b,
    0xef, 0xfc, 0x81, 0x0, 0x0,

    /* U+0050 "P" */
    0x3f, 0xff, 0xff, 0xff, 0xfe, 0xb6, 0x0, 0x0,
    0x3f, 0xff, 0xff, 0xff, 0xff, 0xff, 0xe4, 0x0,
    0x3f, 0xff, 0xdd, 0xdd, 0xdf, 0xff, 0xff, 0x30,
    0x3f, 0xff, 0x0, 0x0, 0x0, 0x5e, 0xff, 0xd0,
    0x3f, 0xff, 0x0, 0x0, 0x0, 0x4, 0xff, 0xf4,
    0x3f, 0xff, 0x0, 0x0, 0x0, 0x0, 0xcf, 0xf8,
    0x3f, 0xff, 0x0, 0x0, 0x0, 0x0, 0x9f, 0xfa,
    0x3f, 0xff, 0x0, 0x0, 0x0, 0x0, 0x9f, 0xfa,
    0x3f, 0xff, 0x0, 0x0, 0x0, 0x0, 0xdf, 0xf8,
    0x3f, 0xff, 0x0, 0x0, 0x0, 0x5, 0xff, 0xf3,
    0x3f, 0xff, 0x0, 0x0, 0x2, 0x8f, 0xff, 0xc0,
    0x3f, 0xff, 0xff, 0xff, 0xff, 0xff, 0xfe, 0x20,
    0x3f, 0xff, 0xff, 0xff, 0xff, 0xff, 0xc2, 0x0,
    0x3f, 0xff, 0xdd, 0xdd, 0xcb, 0x93, 0x0, 0x0,
    0x3f, 0xff, 0x0, 0x0, 0x0, 0x0, 0x0, 0x0,
    0x3f, 0xff, 0x0, 0x0, 0x0, 0x0, 0x0, 0x0,
    0x3f, 0xff, 0x0, 0x0, 0x0, 0x0, 0x0, 0x0,
    0x3f, 0xff, 0x0, 0x0, 0x0, 0x0, 0x0, 0x0,
    0x3f, 0xff, 0x0, 0x0, 0x0, 0x0, 0x0, 0x0,
    0x3f, 0xff, 0x0, 0x0, 0x0, 0x0, 0x0, 0x0,
    0x3f, 0xff, 0x0, 0x0, 0x0, 0x0, 0x0, 0x0,
    0x3f, 0xff, 0x0, 0x0, 0x0, 0x0, 0x0, 0x0,
    0x3f, 0xff, 0x0, 0x0, 0x0, 0x0, 0x0, 0x0,

    /* U+0051 "Q" */
    0x0, 0x0, 0x7c, 0xef, 0xec, 0x81, 0x0, 0x0,
    0x4, 0xef, 0xff, 0xff, 0xff, 0xf6, 0x0, 0x3,
    0xff, 0xff, 0xed, 0xef, 0xff, 0xf6, 0x0, 0xdf,
    0xfe, 0x40, 0x0, 0x3d, 0xff, 0xf1, 0x3f, 0xff,
    0x30, 0x0, 0x0, 0x1f, 0xff, 0x66, 0xff, 0xc0,
    0x0, 0x0, 0x0, 0x9f, 0xfa, 0x8f, 0xfa, 0x0,
    0x0, 0x0, 0x7, 0xff, 0xb8, 0xff, 0xa0, 0x0,
    0x0, 0x0, 0x7f, 0xfb, 0x8f, 0xfa, 0x0, 0x0,
    0x0, 0x7, 0xff, 0xb8, 0xff, 0xa0, 0x0, 0x0,
    0x0, 0x7f, 0xfb, 0x8f, 0xfa, 0x0, 0x0, 0x0,
    0x7, 0xff, 0xb8, 0xff, 0xa0, 0x0, 0x0, 0x0,
    0x7f, 0xfb, 0x8f, 0xfa, 0x0, 0x0, 0x0, 0x7,
    0xff, 0xb8, 0xff, 0xa0, 0x0, 0x0, 0x0, 0x7f,
    0xfb, 0x8f, 0xfa, 0x0, 0x0, 0x0, 0x7, 0xff,
    0xb8, 0xff, 0xa0, 0x0, 0x0, 0x0, 0x7f, 0xfb,
    0x8f, 0xfa, 0x0, 0x0, 0x0, 0x7, 0xff, 0xb6,
    0xff, 0xc0, 0x0, 0x0, 0x0, 0x9f, 0xf9, 0x3f,
    0xff, 0x30, 0x0, 0x0, 0x1f, 0xff, 0x60, 0xdf,
    0xfe, 0x50, 0x0, 0x3d, 0xff, 0xe0, 0x3, 0xff,
    0xff, 0xfd, 0xef, 0xff, 0xf5, 0x0, 0x4, 0xef,
    0xff, 0xff, 0xff, 0xf6, 0x0, 0x0, 0x0, 0x7c,
    0xef, 0xff, 0xf6, 0x0, 0x0, 0x0, 0x0, 0x0,
    0xa, 0xff, 0xe0, 0x0, 0x0, 0x0, 0x0, 0x0,
    0x1f, 0xff, 0x70, 0x0, 0x0, 0x0, 0x0, 0x0,
    0x8f, 0xff, 0x10, 0x0, 0x0, 0x0, 0x0, 0x0,
    0xef, 0xf9, 0x0, 0x0, 0x0, 0x0, 0x0, 0x6,
    0xff, 0xf2, 0x0, 0x0, 0x0, 0x0, 0x0, 0xd,
    0xff, 0xb0,

    /* U+0052 "R" */
    0x2f, 0xff, 0xff, 0xff, 0xfd, 0xa4, 0x0, 0x0,
    0x2f, 0xff, 0xff, 0xff, 0xff, 0xff, 0xb1, 0x0,
    0x2f, 0xff, 0xdd, 0xdd, 0xef, 0xff, 0xfc, 0x0,
    0x2f, 0xff, 0x0, 0x0, 0x1, 0x9f, 0xff, 0x70,
    0x2f, 0xff, 0x0, 0x0, 0x0, 0x9, 0xff, 0xe0,
    0x2f, 0xff, 0x0, 0x0, 0x0, 0x2, 0xff, 0xf1,
    0x2f, 0xff, 0x0, 0x0, 0x0, 0x1, 0xff, 0xf3,
    0x2f, 0xff, 0x0, 0x0, 0x0, 0x2, 0xff, 0xf2,
    0x2f, 0xff, 0x0, 0x0, 0x0, 0x9, 0xff, 0xe0,
    0x2f, 0xff, 0x0, 0x0, 0x1, 0x9f, 0xff, 0x80,
    0x2f, 0xff, 0xdd, 0xdd, 0xef, 0xff, 0xfc, 0x0,
    0x2f, 0xff, 0xff, 0xff, 0xff, 0xff, 0xc1, 0x0,
    0x2f, 0xff, 0xff, 0xff, 0xff, 0xf4, 0x0, 0x0,
    0x2f, 0xff, 0x0, 0x2, 0xff, 0xf3, 0x0, 0x0,
    0x2f, 0xff, 0x0, 0x0, 0xbf, 0xfa, 0x0, 0x0,
    0x2f, 0xff, 0x0, 0x0, 0x4f, 0xff, 0x20, 0x0,
    0x2f, 0xff, 0x0, 0x0, 0xd, 0xff, 0x90, 0x0,
    0x2f, 0xff, 0x0, 0x0, 0x6, 0xff, 0xf1, 0x0,
    0x2f, 0xff, 0x0, 0x0, 0x0, 0xef, 0xf7, 0x0,
    0x2f, 0xff, 0x0, 0x0, 0x0, 0x8f, 0xfe, 0x0,
    0x2f, 0xff, 0x0, 0x0, 0x0, 0x1f, 0xff, 0x60,
    0x2f, 0xff, 0x0, 0x0, 0x0, 0xa, 0xff, 0xd0,
    0x2f, 0xff, 0x0, 0x0, 0x0, 0x2, 0xff, 0xf4,

    /* U+0053 "S" */
    0x0, 0x0, 0x6c, 0xef, 0xec, 0x71, 0x0, 0x0,
    0x0, 0x3e, 0xff, 0xff, 0xff, 0xfe, 0x40, 0x0,
    0x2, 0xff, 0xff, 0xfd, 0xff, 0xff, 0xf3, 0x0,
    0xb, 0xff, 0xe5, 0x0, 0x4, 0xef, 0xfc, 0x0,
    0x1f, 0xff, 0x40, 0x0, 0x0, 0x2f, 0xff, 0x20,
    0x3f, 0xfe, 0x0, 0x0, 0x0, 0xd, 0xff, 0x50,
    0x3f, 0xfe, 0x0, 0x0, 0x0, 0x0, 0x11, 0x0,
    0x1f, 0xff, 0x20, 0x0, 0x0, 0x0, 0x0, 0x0,
    0xb, 0xff, 0xd2, 0x0, 0x0, 0x0, 0x0, 0x0,
    0x2, 0xff, 0xff, 0xc7, 0x30, 0x0, 0x0, 0x0,
    0x0, 0x3e, 0xff, 0xff, 0xff, 0xa4, 0x0, 0x0,
    0x0, 0x1, 0x8e, 0xff, 0xff, 0xff, 0xa0, 0x0,
    0x0, 0x0, 0x0, 0x37, 0xbf, 0xff, 0xfa, 0x0,
    0x0, 0x0, 0x0, 0x0, 0x1, 0x9f, 0xff, 0x40,
    0x0, 0x0, 0x0, 0x0, 0x0, 0xa, 0xff, 0xb0,
    0x0, 0x0, 0x0, 0x0, 0x0, 0x3, 0xff, 0xe0,
    0x79, 0x93, 0x0, 0x0, 0x0, 0x1, 0xff, 0xf0,
    0xbf, 0xf8, 0x0, 0x0, 0x0, 0x3, 0xff, 0xe0,
    0x8f, 0xfe, 0x10, 0x0, 0x0, 0xb, 0xff, 0xb0,
    0x2f, 0xff, 0xd4, 0x0, 0x2, 0xaf, 0xff, 0x50,
    0x7, 0xff, 0xff, 0xfd, 0xef, 0xff, 0xfa, 0x0,
    0x0, 0x6f, 0xff, 0xff, 0xff, 0xff, 0x90, 0x0,
    0x0, 0x1, 0x7c, 0xef, 0xed, 0x93, 0x0, 0x0,

    /* U+0054 "T" */
    0x4f, 0xff, 0xff, 0xff, 0xff, 0xff, 0xff, 0xff,
    0x84, 0xff, 0xff, 0xff, 0xff, 0xff, 0xff, 0xff,
    0xf8, 0x4e, 0xee, 0xee, 0xef, 0xff, 0xee, 0xee,
    0xee, 0x70, 0x0, 0x0, 0x0, 0xff, 0xf3, 0x0,
    0x0, 0x0, 0x0, 0x0, 0x0, 0xf, 0xff, 0x30,
    0x0, 0x0, 0x0, 0x0, 0x0, 0x0, 0xff, 0xf3,
    0x0, 0x0, 0x0, 0x0, 0x0, 0x0, 0xf, 0xff,
    0x30, 0x0, 0x0, 0x0, 0x0, 0x0, 0x0, 0xff,
    0xf3, 0x0, 0x0, 0x0, 0x0, 0x0, 0x0, 0xf,
    0xff, 0x30, 0x0, 0x0, 0x0, 0x0, 0x0, 0x0,
    0xff, 0xf3, 0x0, 0x0, 0x0, 0x0, 0x0, 0x0,
    0xf, 0xff, 0x30, 0x0, 0x0, 0x0, 0x0, 0x0,
    0x0, 0xff, 0xf3, 0x0, 0x0, 0x0, 0x0, 0x0,
    0x0, 0xf, 0xff, 0x30, 0x0, 0x0, 0x0, 0x0,
    0x0, 0x0, 0xff, 0xf3, 0x0, 0x0, 0x0, 0x0,
    0x0, 0x0, 0xf, 0xff, 0x30, 0x0, 0x0, 0x0,
    0x0, 0x0, 0x0, 0xff, 0xf3, 0x0, 0x0, 0x0,
    0x0, 0x0, 0x0, 0xf, 0xff, 0x30, 0x0, 0x0,
    0x0, 0x0, 0x0, 0x0, 0xff, 0xf3, 0x0, 0x0,
    0x0, 0x0, 0x0, 0x0, 0xf, 0xff, 0x30, 0x0,
    0x0, 0x0, 0x0, 0x0, 0x0, 0xff, 0xf3, 0x0,
    0x0, 0x0, 0x0, 0x0, 0x0, 0xf, 0xff, 0x30,
    0x0, 0x0, 0x0, 0x0, 0x0, 0x0, 0xff, 0xf3,
    0x0, 0x0, 0x0, 0x0, 0x0, 0x0, 0xf, 0xff,
    0x30, 0x0, 0x0, 0x0,

    /* U+0055 "U" */
    0x4f, 0xfe, 0x0, 0x0, 0x0, 0xb, 0xff, 0x74,
    0xff, 0xe0, 0x0, 0x0, 0x0, 0xbf, 0xf7, 0x4f,
    0xfe, 0x0, 0x0, 0x0, 0xb, 0xff, 0x74, 0xff,
    0xe0, 0x0, 0x0, 0x0, 0xbf, 0xf7, 0x4f, 0xfe,
    0x0, 0x0, 0x0, 0xb, 0xff, 0x74, 0xff, 0xe0,
    0x0, 0x0, 0x0, 0xbf, 0xf7, 0x4f, 0xfe, 0x0,
    0x0, 0x0, 0xb, 0xff, 0x74, 0xff, 0xe0, 0x0,
    0x0, 0x0, 0xbf, 0xf7, 0x4f, 0xfe, 0x0, 0x0,
    0x0, 0xb, 0xff, 0x74, 0xff, 0xe0, 0x0, 0x0,
    0x0, 0xbf, 0xf7, 0x4f, 0xfe, 0x0, 0x0, 0x0,
    0xb, 0xff, 0x74, 0xff, 0xe0, 0x0, 0x0, 0x0,
    0xbf, 0xf7, 0x4f, 0xfe, 0x0, 0x0, 0x0, 0xb,
    0xff, 0x74, 0xff, 0xe0, 0x0, 0x0, 0x0, 0xbf,
    0xf7, 0x4f, 0xfe, 0x0, 0x0, 0x0, 0xb, 0xff,
    0x74, 0xff, 0xe0, 0x0, 0x0, 0x0, 0xbf, 0xf7,
    0x3f, 0xff, 0x0, 0x0, 0x0, 0xb, 0xff, 0x72,
    0xff, 0xf1, 0x0, 0x0, 0x0, 0xdf, 0xf6, 0xf,
    0xff, 0x70, 0x0, 0x0, 0x4f, 0xff, 0x30, 0xaf,
    0xff, 0x50, 0x0, 0x3e, 0xff, 0xd0, 0x2, 0xef,
    0xff, 0xfd, 0xef, 0xff, 0xf4, 0x0, 0x3, 0xef,
    0xff, 0xff, 0xff, 0xf6, 0x0, 0x0, 0x1, 0x7c,
    0xef, 0xfc, 0x82, 0x0, 0x0,

    /* U+0056 "V" */
    0x6f, 0xfd, 0x0, 0x0, 0x0, 0x0, 0xa, 0xff,
    0x92, 0xff, 0xf1, 0x0, 0x0, 0x0, 0x0, 0xef,
    0xf5, 0xe, 0xff, 0x50, 0x0, 0x0, 0x0, 0x2f,
    0xff, 0x10, 0x9f, 0xf9, 0x0, 0x0, 0x0, 0x6,
    0xff, 0xd0, 0x5, 0xff, 0xd0, 0x0, 0x0, 0x0,
    0xaf, 0xf8, 0x0, 0x1f, 0xff, 0x10, 0x0, 0x0,
    0xd, 0xff, 0x40, 0x0, 0xdf, 0xf5, 0x0, 0x0,
    0x1, 0xff, 0xf0, 0x0, 0x9, 0xff, 0x90, 0x0,
    0x0, 0x5f, 0xfc, 0x0, 0x0, 0x5f, 0xfd, 0x0,
    0x0, 0x9, 0xff, 0x80, 0x0, 0x1, 0xff, 0xf1,
    0x0, 0x0, 0xdf, 0xf3, 0x0, 0x0, 0xc, 0xff,
    0x50, 0x0, 0x1f, 0xff, 0x0, 0x0, 0x0, 0x8f,
    0xf9, 0x0, 0x5, 0xff, 0xb0, 0x0, 0x0, 0x4,
    0xff, 0xd0, 0x0, 0x9f, 0xf7, 0x0, 0x0, 0x0,
    0xf, 0xff, 0x10, 0xc, 0xff, 0x30, 0x0, 0x0,
    0x0, 0xcf, 0xf5, 0x0, 0xff, 0xe0, 0x0, 0x0,
    0x0, 0x8, 0xff, 0x90, 0x4f, 0xfa, 0x0, 0x0,
    0x0, 0x0, 0x3f, 0xfd, 0x8, 0xff, 0x60, 0x0,
    0x0, 0x0, 0x0, 0xff, 0xf1, 0xbf, 0xf2, 0x0,
    0x0, 0x0, 0x0, 0xb, 0xff, 0x4f, 0xfe, 0x0,
    0x0, 0x0, 0x0, 0x0, 0x7f, 0xfa, 0xff, 0xa0,
    0x0, 0x0, 0x0, 0x0, 0x3, 0xff, 0xff, 0xf5,
    0x0, 0x0, 0x0, 0x0, 0x0, 0xe, 0xff, 0xff,
    0x10, 0x0, 0x0, 0x0, 0x0, 0x0, 0xaf, 0xff,
    0xd0, 0x0, 0x0, 0x0,

    /* U+0057 "W" */
    0x5f, 0xf7, 0x0, 0x0, 0xff, 0xf5, 0x0, 0x2,
    0xff, 0x93, 0xff, 0x90, 0x0, 0x1f, 0xff, 0x70,
    0x0, 0x4f, 0xf7, 0x1f, 0xfa, 0x0, 0x3, 0xfe,
    0xf9, 0x0, 0x6, 0xff, 0x50, 0xff, 0xc0, 0x0,
    0x6f, 0xcf, 0xb0, 0x0, 0x7f, 0xf3, 0xd, 0xfe,
    0x0, 0x8, 0xf9, 0xfd, 0x0, 0x9, 0xff, 0x10,
    0xcf, 0xf0, 0x0, 0xaf, 0x6f, 0xf0, 0x0, 0xbf,
    0xf0, 0xa, 0xff, 0x10, 0xc, 0xf3, 0xff, 0x10,
    0xc, 0xfd, 0x0, 0x8f, 0xf3, 0x0, 0xef, 0x1d,
    0xf3, 0x0, 0xef, 0xb0, 0x6, 0xff, 0x40, 0xf,
    0xf0, 0xbf, 0x50, 0xf, 0xf9, 0x0, 0x4f, 0xf6,
    0x2, 0xfd, 0x9, 0xf7, 0x2, 0xff, 0x70, 0x2,
    0xff, 0x80, 0x4f, 0xb0, 0x7f, 0x90, 0x3f, 0xf5,
    0x0, 0xf, 0xf9, 0x7, 0xf9, 0x5, 0xfb, 0x5,
    0xff, 0x30, 0x0, 0xef, 0xb0, 0x9f, 0x70, 0x3f,
    0xd0, 0x7f, 0xf1, 0x0, 0xd, 0xfd, 0xb, 0xf5,
    0x2, 0xff, 0x8, 0xff, 0x0, 0x0, 0xbf, 0xe0,
    0xdf, 0x30, 0xf, 0xf0, 0xaf, 0xd0, 0x0, 0x9,
    0xff, 0xf, 0xf1, 0x0, 0xef, 0x2c, 0xfb, 0x0,
    0x0, 0x7f, 0xf3, 0xff, 0x0, 0xc, 0xf4, 0xdf,
    0xa0, 0x0, 0x5, 0xff, 0x7f, 0xd0, 0x0, 0xaf,
    0x6f, 0xf8, 0x0, 0x0, 0x3f, 0xfa, 0xfb, 0x0,
    0x8, 0xf8, 0xff, 0x60, 0x0, 0x1, 0xff, 0xdf,
    0x80, 0x0, 0x6f, 0xcf, 0xf4, 0x0, 0x0, 0xf,
    0xff, 0xf6, 0x0, 0x4, 0xff, 0xff, 0x20, 0x0,
    0x0, 0xef, 0xff, 0x40, 0x0, 0x2f, 0xff, 0xf0,
    0x0, 0x0, 0xc, 0xff, 0xf2, 0x0, 0x0, 0xff,
    0xfe, 0x0, 0x0,

    /* U+0058 "X" */
    0x3f, 0xff, 0x60, 0x0, 0x0, 0x0, 0x1f, 0xff,
    0x50, 0xa, 0xff, 0xe0, 0x0, 0x0, 0x0, 0xaf,
    0xfc, 0x0, 0x1, 0xff, 0xf7, 0x0, 0x0, 0x2,
    0xff, 0xf3, 0x0, 0x0, 0x8f, 0xfe, 0x10, 0x0,
    0xb, 0xff, 0xa0, 0x0, 0x0, 0xe, 0xff, 0x80,
    0x0, 0x3f, 0xff, 0x20, 0x0, 0x0, 0x6, 0xff,
    0xf1, 0x0, 0xbf, 0xf8, 0x0, 0x0, 0x0, 0x0,
    0xdf, 0xf9, 0x4, 0xff, 0xe1, 0x0, 0x0, 0x0,
    0x0, 0x4f, 0xff, 0x1c, 0xff, 0x60, 0x0, 0x0,
    0x0, 0x0, 0xb, 0xff, 0xcf, 0xfd, 0x0, 0x0,
    0x0, 0x0, 0x0, 0x2, 0xff, 0xff, 0xf4, 0x0,
    0x0, 0x0, 0x0, 0x0, 0x0, 0x9f, 0xff, 0xb0,
    0x0, 0x0, 0x0, 0x0, 0x0, 0x0, 0x5f, 0xff,
    0x90, 0x0, 0x0, 0x0, 0x0, 0x0, 0x0, 0xdf,
    0xff, 0xf2, 0x0, 0x0, 0x0, 0x0, 0x0, 0x6,
    0xff, 0xff, 0xfa, 0x0, 0x0, 0x0, 0x0, 0x0,
    0xe, 0xff, 0x5f, 0xff, 0x30, 0x0, 0x0, 0x0,
    0x0, 0x8f, 0xfb, 0x9, 0xff, 0xc0, 0x0, 0x0,
    0x0, 0x2, 0xff, 0xf3, 0x2, 0xff, 0xf5, 0x0,
    0x0, 0x0, 0xa, 0xff, 0xa0, 0x0, 0x8f, 0xfe,
    0x0, 0x0, 0x0, 0x4f, 0xff, 0x20, 0x0, 0x1f,
    0xff, 0x70, 0x0, 0x0, 0xcf, 0xf9, 0x0, 0x0,
    0x7, 0xff, 0xf1, 0x0, 0x6, 0xff, 0xf1, 0x0,
    0x0, 0x0, 0xef, 0xf9, 0x0, 0xe, 0xff, 0x70,
    0x0, 0x0, 0x0, 0x6f, 0xff, 0x20, 0x8f, 0xfe,
    0x0, 0x0, 0x0, 0x0, 0xd, 0xff, 0xb0,

    /* U+0059 "Y" */
    0xbf, 0xfa, 0x0, 0x0, 0x0, 0x0, 0x5, 0xff,
    0xe0, 0x3f, 0xff, 0x10, 0x0, 0x0, 0x0, 0xc,
    0xff, 0x70, 0xc, 0xff, 0x90, 0x0, 0x0, 0x0,
    0x4f, 0xfe, 0x0, 0x4, 0xff, 0xf1, 0x0, 0x0,
    0x0, 0xbf, 0xf7, 0x0, 0x0, 0xcf, 0xf8, 0x0,
    0x0, 0x3, 0xff, 0xf0, 0x0, 0x0, 0x4f, 0xff,
    0x0, 0x0, 0xb, 0xff, 0x80, 0x0, 0x0, 0xd,
    0xff, 0x70, 0x0, 0x2f, 0xff, 0x10, 0x0, 0x0,
    0x5, 0xff, 0xe0, 0x0, 0xaf, 0xf8, 0x0, 0x0,
    0x0, 0x0, 0xdf, 0xf6, 0x1, 0xff, 0xf1, 0x0,
    0x0, 0x0, 0x0, 0x6f, 0xfd, 0x9, 0xff, 0x90,
    0x0, 0x0, 0x0, 0x0, 0xd, 0xff, 0x5f, 0xff,
    0x20, 0x0, 0x0, 0x0, 0x0, 0x6, 0xff, 0xef,
    0xfa, 0x0, 0x0, 0x0, 0x0, 0x0, 0x0, 0xef,
    0xff, 0xf2, 0x0, 0x0, 0x0, 0x0, 0x0, 0x0,
    0x7f, 0xff, 0xa0, 0x0, 0x0, 0x0, 0x0, 0x0,
    0x0, 0xf, 0xff, 0x40, 0x0, 0x0, 0x0, 0x0,
    0x0, 0x0, 0xf, 0xff, 0x30, 0x0, 0x0, 0x0,
    0x0, 0x0, 0x0, 0xf, 0xff, 0x30, 0x0, 0x0,
    0x0, 0x0, 0x0, 0x0, 0xf, 0xff, 0x30, 0x0,
    0x0, 0x0, 0x0, 0x0, 0x0, 0xf, 0xff, 0x30,
    0x0, 0x0, 0x0, 0x0, 0x0, 0x0, 0xf, 0xff,
    0x30, 0x0, 0x0, 0x0, 0x0, 0x0, 0x0, 0xf,
    0xff, 0x30, 0x0, 0x0, 0x0, 0x0, 0x0, 0x0,
    0xf, 0xff, 0x30, 0x0, 0x0, 0x0, 0x0, 0x0,
    0x0, 0xf, 0xff, 0x30, 0x0, 0x0, 0x0,

    /* U+005A "Z" */
    0x2f, 0xff, 0xff, 0xff, 0xff, 0xff, 0xff, 0x32,
    0xff, 0xff, 0xff, 0xff, 0xff, 0xff, 0xf3, 0x2e,
    0xee, 0xee, 0xee, 0xee, 0xef, 0xff, 0x30, 0x0,
    0x0, 0x0, 0x0, 0x7, 0xff, 0xe0, 0x0, 0x0,
    0x0, 0x0, 0x1, 0xff, 0xf5, 0x0, 0x0, 0x0,
    0x0, 0x0, 0xaf, 0xfc, 0x0, 0x0, 0x0, 0x0,
    0x0, 0x4f, 0xff, 0x20, 0x0, 0x0, 0x0, 0x0,
    0xd, 0xff, 0x80, 0x0, 0x0, 0x0, 0x0, 0x7,
    0xff, 0xe0, 0x0, 0x0, 0x0, 0x0, 0x1, 0xff,
    0xf5, 0x0, 0x0, 0x0, 0x0, 0x0, 0xaf, 0xfb,
    0x0, 0x0, 0x0, 0x0, 0x0, 0x4f, 0xff, 0x20,
    0x0, 0x0, 0x0, 0x0, 0xd, 0xff, 0x80, 0x0,
    0x0, 0x0, 0x0, 0x7, 0xff, 0xe0, 0x0, 0x0,
    0x0, 0x0, 0x1, 0xff, 0xf5, 0x0, 0x0, 0x0,
    0x0, 0x0, 0xaf, 0xfb, 0x0, 0x0, 0x0, 0x0,
    0x0, 0x4f, 0xff, 0x20, 0x0, 0x0, 0x0, 0x0,
    0xd, 0xff, 0x80, 0x0, 0x0, 0x0, 0x0, 0x7,
    0xff, 0xe0, 0x0, 0x0, 0x0, 0x0, 0x1, 0xff,
    0xf5, 0x0, 0x0, 0x0, 0x0, 0x0, 0x5f, 0xff,
    0xee, 0xee, 0xee, 0xee, 0xee, 0x75, 0xff, 0xff,
    0xff, 0xff, 0xff, 0xff, 0xf8, 0x5f, 0xff, 0xff,
    0xff, 0xff, 0xff, 0xff, 0x80,

    /* U+005B "[" */
    0x9f, 0xff, 0xff, 0xff, 0x89, 0xff, 0xff, 0xff,
    0xf8, 0x9f, 0xff, 0xdd, 0xdd, 0x79, 0xff, 0x90,
    0x0, 0x0, 0x9f, 0xf9, 0x0, 0x0, 0x9, 0xff,
    0x90, 0x0, 0x0, 0x9f, 0xf9, 0x0, 0x0, 0x9,
    0xff, 0x90, 0x0, 0x0, 0x9f, 0xf9, 0x0, 0x0,
    0x9, 0xff, 0x90, 0x0, 0x0, 0x9f, 0xf9, 0x0,
    0x0, 0x9, 0xff, 0x90, 0x0, 0x0, 0x9f, 0xf9,
    0x0, 0x0, 0x9, 0xff, 0x90, 0x0, 0x0, 0x9f,
    0xf9, 0x0, 0x0, 0x9, 0xff, 0x90, 0x0, 0x0,
    0x9f, 0xf9, 0x0, 0x0, 0x9, 0xff, 0x90, 0x0,
    0x0, 0x9f, 0xf9, 0x0, 0x0, 0x9, 0xff, 0x90,
    0x0, 0x0, 0x9f, 0xf9, 0x0, 0x0, 0x9, 0xff,
    0x90, 0x0, 0x0, 0x9f, 0xf9, 0x0, 0x0, 0x9,
    0xff, 0x90, 0x0, 0x0, 0x9f, 0xf9, 0x0, 0x0,
    0x9, 0xff, 0x90, 0x0, 0x0, 0x9f, 0xf9, 0x0,
    0x0, 0x9, 0xff, 0xfd, 0xdd, 0xd7, 0x9f, 0xff,
    0xff, 0xff, 0x89, 0xff, 0xff, 0xff, 0xf8,

    /* U+005C "\\" */
    0x8f, 0xfc, 0x0, 0x0, 0x0, 0x0, 0x0, 0x2,
    0xff, 0xf2, 0x0, 0x0, 0x0, 0x0, 0x0, 0xc,
    0xff, 0x80, 0x0, 0x0, 0x0, 0x0, 0x0, 0x6f,
    0xfe, 0x0, 0x0, 0x0, 0x0, 0x0, 0x1, 0xff,
    0xf4, 0x0, 0x0, 0x0, 0x0, 0x0, 0xa, 0xff,
    0xa0, 0x0, 0x0, 0x0, 0x0, 0x0, 0x4f, 0xff,
    0x10, 0x0, 0x0, 0x0, 0x0, 0x0, 0xef, 0xf6,
    0x0, 0x0, 0x0, 0x0, 0x0, 0x8, 0xff, 0xc0,
    0x0, 0x0, 0x0, 0x0, 0x0, 0x2f, 0xff, 0x20,
    0x0, 0x0, 0x0, 0x0, 0x0, 0xcf, 0xf8, 0x0,
    0x0, 0x0, 0x0, 0x0, 0x6, 0xff, 0xe0, 0x0,
    0x0, 0x0, 0x0, 0x0, 0xf, 0xff, 0x40, 0x0,
    0x0, 0x0, 0x0, 0x0, 0xaf, 0xfb, 0x0, 0x0,
    0x0, 0x0, 0x0, 0x4, 0xff, 0xf1, 0x0, 0x0,
    0x0, 0x0, 0x0, 0xe, 0xff, 0x70, 0x0, 0x0,
    0x0, 0x0, 0x0, 0x8f, 0xfd, 0x0, 0x0, 0x0,
    0x0, 0x0, 0x2, 0xff, 0xf3, 0x0, 0x0, 0x0,
    0x0, 0x0, 0xc, 0xff, 0x90, 0x0, 0x0, 0x0,
    0x0, 0x0, 0x5f, 0xfe, 0x0, 0x0, 0x0, 0x0,
    0x0, 0x0, 0xff, 0xf5, 0x0, 0x0, 0x0, 0x0,
    0x0, 0x9, 0xff, 0xb0, 0x0, 0x0, 0x0, 0x0,
    0x0, 0x3f, 0xff, 0x10, 0x0, 0x0, 0x0, 0x0,
    0x0, 0xdf, 0xf7, 0x0, 0x0, 0x0, 0x0, 0x0,
    0x7, 0xff, 0xd0, 0x0, 0x0, 0x0, 0x0, 0x0,
    0x1f, 0xff, 0x30, 0x0, 0x0, 0x0, 0x0, 0x0,
    0xbf, 0xf9, 0x0, 0x0, 0x0, 0x0, 0x0, 0x5,
    0xff, 0xf0, 0x0, 0x0, 0x0, 0x0, 0x0, 0xf,
    0xff, 0x50, 0x0, 0x0, 0x0, 0x0, 0x0, 0x9f,
    0xfb,

    /* U+005D "]" */
    0x5f, 0xff, 0xff, 0xff, 0xc5, 0xff, 0xff, 0xff,
    0xfc, 0x4d, 0xdd, 0xde, 0xff, 0xc0, 0x0, 0x0,
    0x6f, 0xfc, 0x0, 0x0, 0x6, 0xff, 0xc0, 0x0,
    0x0, 0x6f, 0xfc, 0x0, 0x0, 0x6, 0xff, 0xc0,
    0x0, 0x0, 0x6f, 0xfc, 0x0, 0x0, 0x6, 0xff,
    0xc0, 0x0, 0x0, 0x6f, 0xfc, 0x0, 0x0, 0x6,
    0xff, 0xc0, 0x0, 0x0, 0x6f, 0xfc, 0x0, 0x0,
    0x6, 0xff, 0xc0, 0x0, 0x0, 0x6f, 0xfc, 0x0,
    0x0, 0x6, 0xff, 0xc0, 0x0, 0x0, 0x6f, 0xfc,
    0x0, 0x0, 0x6, 0xff, 0xc0, 0x0, 0x0, 0x6f,
    0xfc, 0x0, 0x0, 0x6, 0xff, 0xc0, 0x0, 0x0,
    0x6f, 0xfc, 0x0, 0x0, 0x6, 0xff, 0xc0, 0x0,
    0x0, 0x6f, 0xfc, 0x0, 0x0, 0x6, 0xff, 0xc0,
    0x0, 0x0, 0x6f, 0xfc, 0x0, 0x0, 0x6, 0xff,
    0xc0, 0x0, 0x0, 0x6f, 0xfc, 0x0, 0x0, 0x6,
    0xff, 0xc4, 0xdd, 0xdd, 0xef, 0xfc, 0x5f, 0xff,
    0xff, 0xff, 0xc5, 0xff, 0xff, 0xff, 0xfc,

    /* U+005E "^" */
    0x0, 0x0, 0x0, 0x78, 0x82, 0x0, 0x0, 0x0,
    0x0, 0x0, 0x5f, 0xff, 0x90, 0x0, 0x0, 0x0,
    0x0, 0xc, 0xff, 0xff, 0x10, 0x0, 0x0, 0x0,
    0x3, 0xff, 0x8f, 0xf7, 0x0, 0x0, 0x0, 0x0,
    0xbf, 0xf1, 0xbf, 0xe0, 0x0, 0x0, 0x0, 0x2f,
    0xf9, 0x5, 0xff, 0x60, 0x0, 0x0, 0x9, 0xff,
    0x20, 0xe, 0xfd, 0x0, 0x0, 0x1, 0xff, 0xb0,
    0x0, 0x7f, 0xf4, 0x0, 0x0, 0x7f, 0xf4, 0x0,
    0x1, 0xff, 0xb0, 0x0, 0xe, 0xfd, 0x0, 0x0,
    0xa, 0xff, 0x20, 0x6, 0xff, 0x60, 0x0, 0x0,
    0x3f, 0xf9, 0x0, 0xdf, 0xf0, 0x0, 0x0, 0x0,
    0xcf, 0xf1, 0x4f, 0xf8, 0x0, 0x0, 0x0, 0x5,
    0xff, 0x80,

    /* U+005F "_" */
    0xb, 0xbb, 0xbb, 0xbb, 0xbb, 0xbb, 0xbb, 0xbb,
    0x31, 0xff, 0xff, 0xff, 0xff, 0xff, 0xff, 0xff,
    0xf4, 0x1f, 0xff, 0xff, 0xff, 0xff, 0xff, 0xff,
    0xff, 0x40,

    /* U+0060 "`" */
    0x68, 0x85, 0x0, 0x0, 0x3f, 0xff, 0x50, 0x0,
    0x5, 0xff, 0xf2, 0x0, 0x0, 0x8f, 0xfd, 0x0,
    0x0, 0xa, 0xff, 0xa0,

    /* U+0061 "a" */
    0x0, 0x1, 0x7c, 0xef, 0xfd, 0x92, 0x0, 0x0,
    0x5, 0xff, 0xff, 0xff, 0xff, 0xf8, 0x0, 0x4,
    0xff, 0xff, 0xdb, 0xcf, 0xff, 0xf6, 0x0, 0xcf,
    0xfb, 0x10, 0x0, 0x1b, 0xff, 0xe0, 0xc, 0xdd,
    0x10, 0x0, 0x0, 0x1f, 0xff, 0x30, 0x0, 0x0,
    0x0, 0x0, 0x0, 0xdf, 0xf5, 0x0, 0x0, 0x0,
    0x0, 0x0, 0xc, 0xff, 0x60, 0x1, 0x8d, 0xff,
    0xff, 0xff, 0xff, 0xf6, 0x4, 0xff, 0xff, 0xff,
    0xff, 0xff, 0xff, 0x62, 0xff, 0xfe, 0x75, 0x55,
    0x55, 0xdf, 0xf6, 0x9f, 0xfd, 0x0, 0x0, 0x0,
    0xc, 0xff, 0x6d, 0xff, 0x60, 0x0, 0x0, 0x0,
    0xcf, 0xf6, 0xef, 0xf5, 0x0, 0x0, 0x0, 0xe,
    0xff, 0x6d, 0xff, 0x80, 0x0, 0x0, 0x4, 0xff,
    0xf6, 0x9f, 0xff, 0x50, 0x0, 0x5, 0xee, 0xff,
    0x62, 0xff, 0xff, 0xdb, 0xce, 0xfd, 0xbf, 0xf6,
    0x4, 0xff, 0xff, 0xff, 0xff, 0x3b, 0xff, 0x60,
    0x2, 0x9d, 0xff, 0xd8, 0x10, 0xbf, 0xf6,

    /* U+0062 "b" */
    0x3f, 0xff, 0x0, 0x0, 0x0, 0x0, 0x0, 0x3,
    0xff, 0xf0, 0x0, 0x0, 0x0, 0x0, 0x0, 0x3f,
    0xff, 0x0, 0x0, 0x0, 0x0, 0x0, 0x3, 0xff,
    0xf0, 0x0, 0x0, 0x0, 0x0, 0x0, 0x3f, 0xff,
    0x0, 0x0, 0x0, 0x0, 0x0, 0x3, 0xff, 0xf0,
    0x18, 0xdf, 0xec, 0x50, 0x0, 0x3f, 0xff, 0x1e,
    0xff, 0xff, 0xff, 0xa0, 0x3, 0xff, 0xfb, 0xfe,
    0xce, 0xff, 0xff, 0x70, 0x3f, 0xff, 0xf6, 0x0,
    0x2, 0xcf, 0xff, 0x3, 0xff, 0xf8, 0x0, 0x0,
    0x1, 0xff, 0xf4, 0x3f, 0xff, 0x20, 0x0, 0x0,
    0xb, 0xff, 0x73, 0xff, 0xf0, 0x0, 0x0, 0x0,
    0xaf, 0xf8, 0x3f, 0xff, 0x0, 0x0, 0x0, 0xa,
    0xff, 0x83, 0xff, 0xf0, 0x0, 0x0, 0x0, 0xaf,
    0xf8, 0x3f, 0xff, 0x0, 0x0, 0x0, 0xa, 0xff,
    0x83, 0xff, 0xf0, 0x0, 0x0, 0x0, 0xaf, 0xf8,
    0x3f, 0xff, 0x0, 0x0, 0x0, 0xa, 0xff, 0x83,
    0xff, 0xf2, 0x0, 0x0, 0x0, 0xbf, 0xf7, 0x3f,
    0xff, 0x80, 0x0, 0x0, 0x1f, 0xff, 0x43, 0xff,
    0xfe, 0x60, 0x0, 0x2c, 0xff, 0xf0, 0x3f, 0xff,
    0x9f, 0xec, 0xef, 0xff, 0xf7, 0x3, 0xff, 0xf1,
    0xdf, 0xff, 0xff, 0xfa, 0x0, 0x3f, 0xff, 0x1,
    0x8d, 0xff, 0xc5, 0x0, 0x0,

    /* U+0063 "c" */
    0x0, 0x0, 0x5a, 0xef, 0xfd, 0x93, 0x0, 0x0,
    0x1, 0xcf, 0xff, 0xff, 0xff, 0xf9, 0x0, 0x1,
    0xdf, 0xff, 0xfd, 0xef, 0xff, 0xfa, 0x0, 0x9f,
    0xff, 0x70, 0x0, 0x1a, 0xff, 0xf3, 0xf, 0xff,
    0x70, 0x0, 0x0, 0xc, 0xff, 0x92, 0xff, 0xf0,
    0x0, 0x0, 0x0, 0x6f, 0xfc, 0x4f, 0xfe, 0x0,
    0x0, 0x0, 0x0, 0x11, 0x14, 0xff, 0xe0, 0x0,
    0x0, 0x0, 0x0, 0x0, 0x4f, 0xfe, 0x0, 0x0,
    0x0, 0x0, 0x0, 0x4, 0xff, 0xe0, 0x0, 0x0,
    0x0, 0x0, 0x0, 0x4f, 0xfe, 0x0, 0x0, 0x0,
    0x0, 0x0, 0x4, 0xff, 0xe0, 0x0, 0x0, 0x0,
    0x1, 0x11, 0x2f, 0xff, 0x0, 0x0, 0x0, 0x6,
    0xff, 0xc0, 0xff, 0xf7, 0x0, 0x0, 0x0, 0xcf,
    0xf9, 0x9, 0xff, 0xf8, 0x0, 0x1, 0xaf, 0xff,
    0x40, 0x1d, 0xff, 0xff, 0xee, 0xff, 0xff, 0xa0,
    0x0, 0x2c, 0xff, 0xff, 0xff, 0xff, 0x90, 0x0,
    0x0, 0x5, 0xbe, 0xff, 0xd9, 0x30, 0x0,

    /* U+0064 "d" */
    0x0, 0x0, 0x0, 0x0, 0x0, 0xc, 0xff, 0x60,
    0x0, 0x0, 0x0, 0x0, 0x0, 0xcf, 0xf6, 0x0,
    0x0, 0x0, 0x0, 0x0, 0xc, 0xff, 0x60, 0x0,
    0x0, 0x0, 0x0, 0x0, 0xcf, 0xf6, 0x0, 0x0,
    0x0, 0x0, 0x0, 0xc, 0xff, 0x60, 0x0, 0x3a,
    0xef, 0xd9, 0x10, 0xcf, 0xf6, 0x0, 0x7f, 0xff,
    0xff, 0xff, 0x3c, 0xff, 0x60, 0x4f, 0xff, 0xfe,
    0xce, 0xfd, 0xbf, 0xf6, 0xd, 0xff, 0xd4, 0x0,
    0x4, 0xee, 0xff, 0x61, 0xff, 0xf3, 0x0, 0x0,
    0x5, 0xff, 0xf6, 0x4f, 0xfe, 0x0, 0x0, 0x0,
    0xf, 0xff, 0x65, 0xff, 0xd0, 0x0, 0x0, 0x0,
    0xdf, 0xf6, 0x5f, 0xfd, 0x0, 0x0, 0x0, 0xc,
    0xff, 0x65, 0xff, 0xd0, 0x0, 0x0, 0x0, 0xcf,
    0xf6, 0x5f, 0xfd, 0x0, 0x0, 0x0, 0xc, 0xff,
    0x65, 0xff, 0xd0, 0x0, 0x0, 0x0, 0xcf, 0xf6,
    0x5f, 0xfd, 0x0, 0x0, 0x0, 0xd, 0xff, 0x64,
    0xff, 0xe0, 0x0, 0x0, 0x0, 0xff, 0xf6, 0x1f,
    0xff, 0x30, 0x0, 0x0, 0x5f, 0xff, 0x60, 0xcf,
    0xfd, 0x40, 0x0, 0x4e, 0xef, 0xf6, 0x4, 0xff,
    0xff, 0xec, 0xef, 0xcc, 0xff, 0x60, 0x7, 0xff,
    0xff, 0xff, 0xf2, 0xcf, 0xf6, 0x0, 0x4, 0xbe,
    0xfd, 0x92, 0xc, 0xff, 0x60,

    /* U+0065 "e" */
    0x0, 0x0, 0x6b, 0xef, 0xec, 0x71, 0x0, 0x0,
    0x2, 0xdf, 0xff, 0xff, 0xff, 0xf5, 0x0, 0x1,
    0xef, 0xff, 0xb9, 0xbe, 0xff, 0xf5, 0x0, 0xaf,
    0xfb, 0x10, 0x0, 0x9, 0xff, 0xe0, 0x1f, 0xff,
    0x10, 0x0, 0x0, 0xd, 0xff, 0x54, 0xff, 0xb0,
    0x0, 0x0, 0x0, 0x8f, 0xf8, 0x6f, 0xfa, 0x0,
    0x0, 0x0, 0x7, 0xff, 0xa7, 0xff, 0xff, 0xff,
    0xff, 0xff, 0xff, 0xfa, 0x7f, 0xff, 0xff, 0xff,
    0xff, 0xff, 0xff, 0xa7, 0xff, 0xc5, 0x55, 0x55,
    0x55, 0x55, 0x53, 0x7f, 0xfa, 0x0, 0x0, 0x0,
    0x0, 0x0, 0x6, 0xff, 0xb0, 0x0, 0x0, 0x0,
    0x0, 0x0, 0x4f, 0xfd, 0x0, 0x0, 0x0, 0x0,
    0x0, 0x1, 0xff, 0xf4, 0x0, 0x0, 0x0, 0xef,
    0xf5, 0xa, 0xff, 0xe4, 0x0, 0x1, 0xaf, 0xff,
    0x10, 0x1e, 0xff, 0xfd, 0xbc, 0xff, 0xff, 0x60,
    0x0, 0x2d, 0xff, 0xff, 0xff, 0xff, 0x70, 0x0,
    0x0, 0x6, 0xbe, 0xff, 0xc8, 0x20, 0x0,

    /* U+0066 "f" */
    0x0, 0x0, 0x0, 0x1, 0x9d, 0xff, 0xff, 0xff,
    0x0, 0x0, 0x0, 0x2, 0xef, 0xff, 0xff, 0xff,
    0xf0, 0x0, 0x0, 0x0, 0xcf, 0xff, 0xee, 0xee,
    0xee, 0x0, 0x0, 0x0, 0x2f, 0xff, 0x50, 0x0,
    0x0, 0x0, 0x0, 0x0, 0x3, 0xff, 0xf0, 0x0,
    0x0, 0x0, 0x0, 0x0, 0x0, 0x4f, 0xfe, 0x0,
    0x0, 0x0, 0x0, 0x0, 0x0, 0x4, 0xff, 0xe0,
    0x0, 0x0, 0x0, 0x0, 0x0, 0x0, 0x4f, 0xfe,
    0x0, 0x0, 0x0, 0x0, 0x4f, 0xff, 0xff, 0xff,
    0xff, 0xff, 0xff, 0xff, 0x4, 0xff, 0xff, 0xff,
    0xff, 0xff, 0xff, 0xff, 0xf0, 0x4e, 0xee, 0xee,
    0xff, 0xfe, 0xee, 0xee, 0xee, 0x0, 0x0, 0x0,
    0x4f, 0xfe, 0x0, 0x0, 0x0, 0x0, 0x0, 0x0,
    0x4, 0xff, 0xe0, 0x0, 0x0, 0x0, 0x0, 0x0,
    0x0, 0x4f, 0xfe, 0x0, 0x0, 0x0, 0x0, 0x0,
    0x0, 0x4, 0xff, 0xe0, 0x0, 0x0, 0x0, 0x0,
    0x0, 0x0, 0x4f, 0xfe, 0x0, 0x0, 0x0, 0x0,
    0x0, 0x0, 0x4, 0xff, 0xe0, 0x0, 0x0, 0x0,
    0x0, 0x0, 0x0, 0x4f, 0xfe, 0x0, 0x0, 0x0,
    0x0, 0x0, 0x0, 0x4, 0xff, 0xe0, 0x0, 0x0,
    0x0, 0x0, 0x0, 0x0, 0x4f, 0xfe, 0x0, 0x0,
    0x0, 0x0, 0x0, 0x0, 0x4, 0xff, 0xe0, 0x0,
    0x0, 0x0, 0x0, 0x0, 0x0, 0x4f, 0xfe, 0x0,
    0x0, 0x0, 0x0, 0x0, 0x0, 0x4, 0xff, 0xe0,
    0x0, 0x0, 0x0, 0x0,

    /* U+0067 "g" */
    0x0, 0x3, 0xae, 0xfd, 0xa2, 0xc, 0xff, 0x50,
    0x6, 0xff, 0xff, 0xff, 0xf3, 0xcf, 0xf5, 0x3,
    0xff, 0xff, 0xec, 0xef, 0xdc, 0xff, 0x50, 0xbf,
    0xfe, 0x40, 0x0, 0x4f, 0xff, 0xf5, 0xf, 0xff,
    0x60, 0x0, 0x0, 0x6f, 0xff, 0x53, 0xff, 0xf0,
    0x0, 0x0, 0x0, 0xff, 0xf5, 0x4f, 0xfe, 0x0,
    0x0, 0x0, 0xd, 0xff, 0x55, 0xff, 0xd0, 0x0,
    0x0, 0x0, 0xcf, 0xf5, 0x5f, 0xfd, 0x0, 0x0,
    0x0, 0xc, 0xff, 0x55, 0xff, 0xd0, 0x0, 0x0,
    0x0, 0xcf, 0xf5, 0x4f, 0xfe, 0x0, 0x0, 0x0,
    0xd, 0xff, 0x53, 0xff, 0xf0, 0x0, 0x0, 0x0,
    0xff, 0xf5, 0x1f, 0xff, 0x50, 0x0, 0x0, 0x5f,
    0xff, 0x50, 0xcf, 0xfe, 0x30, 0x0, 0x3e, 0xff,
    0xf5, 0x4, 0xff, 0xff, 0xcb, 0xcf, 0xeb, 0xff,
    0x50, 0x7, 0xff, 0xff, 0xff, 0xf4, 0xcf, 0xf5,
    0x0, 0x3, 0xae, 0xfe, 0xa2, 0xc, 0xff, 0x50,
    0x0, 0x0, 0x0, 0x0, 0x0, 0xcf, 0xf5, 0x0,
    0x0, 0x0, 0x0, 0x0, 0xd, 0xff, 0x50, 0x0,
    0x0, 0x0, 0x0, 0x2, 0xff, 0xf3, 0x0, 0x0,
    0x0, 0x0, 0x2, 0xcf, 0xfe, 0x0, 0x0, 0xcd,
    0xdd, 0xde, 0xff, 0xff, 0x50, 0x0, 0xe, 0xff,
    0xff, 0xff, 0xff, 0x70, 0x0, 0x0, 0xef, 0xff,
    0xff, 0xd9, 0x30, 0x0,

    /* U+0068 "h" */
    0x3f, 0xff, 0x0, 0x0, 0x0, 0x0, 0x0, 0x3,
    0xff, 0xf0, 0x0, 0x0, 0x0, 0x0, 0x0, 0x3f,
    0xff, 0x0, 0x0, 0x0, 0x0, 0x0, 0x3, 0xff,
    0xf0, 0x0, 0x0, 0x0, 0x0, 0x0, 0x3f, 0xff,
    0x0, 0x0, 0x0, 0x0, 0x0, 0x3, 0xff, 0xf0,
    0x18, 0xdf, 0xeb, 0x50, 0x0, 0x3f, 0xff, 0x2e,
    0xff, 0xff, 0xff, 0xa0, 0x3, 0xff, 0xfa, 0xfe,
    0xbc, 0xff, 0xff, 0x70, 0x3f, 0xff, 0xf5, 0x0,
    0x2, 0xdf, 0xff, 0x3, 0xff, 0xf8, 0x0, 0x0,
    0x3, 0xff, 0xf4, 0x3f, 0xff, 0x20, 0x0, 0x0,
    0xe, 0xff, 0x63, 0xff, 0xf0, 0x0, 0x0, 0x0,
    0xcf, 0xf7, 0x3f, 0xff, 0x0, 0x0, 0x0, 0xb,
    0xff, 0x73, 0xff, 0xf0, 0x0, 0x0, 0x0, 0xbf,
    0xf7, 0x3f, 0xff, 0x0, 0x0, 0x0, 0xb, 0xff,
    0x73, 0xff, 0xf0, 0x0, 0x0, 0x0, 0xbf, 0xf7,
    0x3f, 0xff, 0x0, 0x0, 0x0, 0xb, 0xff, 0x73,
    0xff, 0xf0, 0x0, 0x0, 0x0, 0xbf, 0xf7, 0x3f,
    0xff, 0x0, 0x0, 0x0, 0xb, 0xff, 0x73, 0xff,
    0xf0, 0x0, 0x0, 0x0, 0xbf, 0xf7, 0x3f, 0xff,
    0x0, 0x0, 0x0, 0xb, 0xff, 0x73, 0xff, 0xf0,
    0x0, 0x0, 0x0, 0xbf, 0xf7, 0x3f, 0xff, 0x0,
    0x0, 0x0, 0xb, 0xff, 0x70,

    /* U+0069 "i" */
    0x0, 0x0, 0x0, 0x6e, 0xf9, 0x0, 0x0, 0x0,
    0x0, 0x0, 0x1, 0xff, 0xff, 0x50, 0x0, 0x0,
    0x0, 0x0, 0x2, 0xff, 0xff, 0x60, 0x0, 0x0,
    0x0, 0x0, 0x0, 0xaf, 0xfd, 0x10, 0x0, 0x0,
    0x0, 0x0, 0x0, 0x2, 0x20, 0x0, 0x0, 0x0,
    0x0, 0x0, 0x0, 0x0, 0x0, 0x0, 0x0, 0x0,
    0x0, 0x0, 0x0, 0x0, 0x0, 0x0, 0x0, 0x0,
    0xb, 0xff, 0xff, 0xff, 0xff, 0x0, 0x0, 0x0,
    0xb, 0xff, 0xff, 0xff, 0xff, 0x0, 0x0, 0x0,
    0xa, 0xee, 0xee, 0xef, 0xff, 0x0, 0x0, 0x0,
    0x0, 0x0, 0x0, 0x2f, 0xff, 0x0, 0x0, 0x0,
    0x0, 0x0, 0x0, 0x2f, 0xff, 0x0, 0x0, 0x0,
    0x0, 0x0, 0x0, 0x2f, 0xff, 0x0, 0x0, 0x0,
    0x0, 0x0, 0x0, 0x2f, 0xff, 0x0, 0x0, 0x0,
    0x0, 0x0, 0x0, 0x2f, 0xff, 0x0, 0x0, 0x0,
    0x0, 0x0, 0x0, 0x2f, 0xff, 0x0, 0x0, 0x0,
    0x0, 0x0, 0x0, 0x2f, 0xff, 0x0, 0x0, 0x0,
    0x0, 0x0, 0x0, 0x2f, 0xff, 0x0, 0x0, 0x0,
    0x0, 0x0, 0x0, 0x2f, 0xff, 0x0, 0x0, 0x0,
    0x0, 0x0, 0x0, 0x2f, 0xff, 0x0, 0x0, 0x0,
    0x0, 0x0, 0x0, 0x2f, 0xff, 0x0, 0x0, 0x0,
    0x0, 0x0, 0x0, 0x2f, 0xff, 0x0, 0x0, 0x0,
    0x4e, 0xee, 0xee, 0xef, 0xff, 0xee, 0xee, 0xeb,
    0x5f, 0xff, 0xff, 0xff, 0xff, 0xff, 0xff, 0xfc,
    0x5f, 0xff, 0xff, 0xff, 0xff, 0xff, 0xff, 0xfc,

    /* U+006A "j" */
    0x0, 0x0, 0x0, 0x0, 0x5e, 0xfa, 0x0, 0x0,
    0x0, 0x0, 0xf, 0xff, 0xf7, 0x0, 0x0, 0x0,
    0x1, 0xff, 0xff, 0x80, 0x0, 0x0, 0x0, 0x9,
    0xff, 0xe2, 0x0, 0x0, 0x0, 0x0, 0x1, 0x30,
    0x0, 0x0, 0x0, 0x0, 0x0, 0x0, 0x0, 0x0,
    0x0, 0x0, 0x0, 0x0, 0x0, 0x5, 0xff, 0xff,
    0xff, 0xff, 0xff, 0xf1, 0x5f, 0xff, 0xff, 0xff,
    0xff, 0xff, 0x14, 0xee, 0xee, 0xee, 0xee, 0xff,
    0xf1, 0x0, 0x0, 0x0, 0x0, 0x1f, 0xff, 0x10,
    0x0, 0x0, 0x0, 0x1, 0xff, 0xf1, 0x0, 0x0,
    0x0, 0x0, 0x1f, 0xff, 0x10, 0x0, 0x0, 0x0,
    0x1, 0xff, 0xf1, 0x0, 0x0, 0x0, 0x0, 0x1f,
    0xff, 0x10, 0x0, 0x0, 0x0, 0x1, 0xff, 0xf1,
    0x0, 0x0, 0x0, 0x0, 0x1f, 0xff, 0x10, 0x0,
    0x0, 0x0, 0x1, 0xff, 0xf1, 0x0, 0x0, 0x0,
    0x0, 0x1f, 0xff, 0x10, 0x0, 0x0, 0x0, 0x1,
    0xff, 0xf1, 0x0, 0x0, 0x0, 0x0, 0x1f, 0xff,
    0x10, 0x0, 0x0, 0x0, 0x1, 0xff, 0xf1, 0x0,
    0x0, 0x0, 0x0, 0x1f, 0xff, 0x10, 0x0, 0x0,
    0x0, 0x1, 0xff, 0xf1, 0x0, 0x0, 0x0, 0x0,
    0x2f, 0xff, 0x0, 0x0, 0x0, 0x0, 0x4, 0xff,
    0xf0, 0x0, 0x0, 0x0, 0x0, 0xbf, 0xfb, 0x0,
    0x0, 0x0, 0x2, 0xaf, 0xff, 0x40, 0x2e, 0xee,
    0xee, 0xff, 0xff, 0xa0, 0x3, 0xff, 0xff, 0xff,
    0xff, 0xa0, 0x0, 0x3f, 0xff, 0xff, 0xda, 0x30,
    0x0, 0x0,

    /* U+006B "k" */
    0xf, 0xff, 0x20, 0x0, 0x0, 0x0, 0x0, 0x0,
    0xf, 0xff, 0x20, 0x0, 0x0, 0x0, 0x0, 0x0,
    0xf, 0xff, 0x20, 0x0, 0x0, 0x0, 0x0, 0x0,
    0xf, 0xff, 0x20, 0x0, 0x0, 0x0, 0x0, 0x0,
    0xf, 0xff, 0x20, 0x0, 0x0, 0x0, 0x0, 0x0,
    0xf, 0xff, 0x20, 0x0, 0x0, 0x3, 0xff, 0xf6,
    0xf, 0xff, 0x20, 0x0, 0x0, 0xd, 0xff, 0xb0,
    0xf, 0xff, 0x20, 0x0, 0x0, 0x8f, 0xff, 0x10,
    0xf, 0xff, 0x20, 0x0, 0x3, 0xff, 0xf6, 0x0,
    0xf, 0xff, 0x20, 0x0, 0xc, 0xff, 0xc0, 0x0,
    0xf, 0xff, 0x20, 0x0, 0x7f, 0xff, 0x20, 0x0,
    0xf, 0xff, 0x20, 0x2, 0xff, 0xf7, 0x0, 0x0,
    0xf, 0xff, 0xcb, 0xbe, 0xff, 0xc0, 0x0, 0x0,
    0xf, 0xff, 0xff, 0xff, 0xff, 0x50, 0x0, 0x0,
    0xf, 0xff, 0xff, 0xff, 0xff, 0xc0, 0x0, 0x0,
    0xf, 0xff, 0x20, 0x4, 0xff, 0xf5, 0x0, 0x0,
    0xf, 0xff, 0x20, 0x0, 0xaf, 0xfe, 0x10, 0x0,
    0xf, 0xff, 0x20, 0x0, 0x1f, 0xff, 0x90, 0x0,
    0xf, 0xff, 0x20, 0x0, 0x7, 0xff, 0xf3, 0x0,
    0xf, 0xff, 0x20, 0x0, 0x0, 0xcf, 0xfd, 0x0,
    0xf, 0xff, 0x20, 0x0, 0x0, 0x3f, 0xff, 0x70,
    0xf, 0xff, 0x20, 0x0, 0x0, 0x9, 0xff, 0xf1,
    0xf, 0xff, 0x20, 0x0, 0x0, 0x0, 0xef, 0xfa,

    /* U+006C "l" */
    0x1f, 0xff, 0xff, 0xff, 0xff, 0x10, 0x0, 0x0,
    0x0, 0x1f, 0xff, 0xff, 0xff, 0xff, 0x10, 0x0,
    0x0, 0x0, 0x1e, 0xee, 0xee, 0xef, 0xff, 0x10,
    0x0, 0x0, 0x0, 0x0, 0x0, 0x0, 0x1f, 0xff,
    0x10, 0x0, 0x0, 0x0, 0x0, 0x0, 0x0, 0x1f,
    0xff, 0x10, 0x0, 0x0, 0x0, 0x0, 0x0, 0x0,
    0x1f, 0xff, 0x10, 0x0, 0x0, 0x0, 0x0, 0x0,
    0x0, 0x1f, 0xff, 0x10, 0x0, 0x0, 0x0, 0x0,
    0x0, 0x0, 0x1f, 0xff, 0x10, 0x0, 0x0, 0x0,
    0x0, 0x0, 0x0, 0x1f, 0xff, 0x10, 0x0, 0x0,
    0x0, 0x0, 0x0, 0x0, 0x1f, 0xff, 0x10, 0x0,
    0x0, 0x0, 0x0, 0x0, 0x0, 0x1f, 0xff, 0x10,
    0x0, 0x0, 0x0, 0x0, 0x0, 0x0, 0x1f, 0xff,
    0x10, 0x0, 0x0, 0x0, 0x0, 0x0, 0x0, 0x1f,
    0xff, 0x10, 0x0, 0x0, 0x0, 0x0, 0x0, 0x0,
    0x1f, 0xff, 0x10, 0x0, 0x0, 0x0, 0x0, 0x0,
    0x0, 0x1f, 0xff, 0x10, 0x0, 0x0, 0x0, 0x0,
    0x0, 0x0, 0x1f, 0xff, 0x10, 0x0, 0x0, 0x0,
    0x0, 0x0, 0x0, 0x1f, 0xff, 0x10, 0x0, 0x0,
    0x0, 0x0, 0x0, 0x0, 0x1f, 0xff, 0x10, 0x0,
    0x0, 0x0, 0x0, 0x0, 0x0, 0xf, 0xff, 0x30,
    0x0, 0x0, 0x0, 0x0, 0x0, 0x0, 0xd, 0xff,
    0xb1, 0x0, 0x0, 0x0, 0x0, 0x0, 0x0, 0x7,
    0xff, 0xff, 0xee, 0xee, 0xe9, 0x0, 0x0, 0x0,
    0x0, 0xaf, 0xff, 0xff, 0xff, 0xfa, 0x0, 0x0,
    0x0, 0x0, 0x6, 0xcf, 0xff, 0xff, 0xfa,

    /* U+006D "m" */
    0x2f, 0xf8, 0x3c, 0xfc, 0x40, 0x2c, 0xfe, 0x70,
    0x2, 0xff, 0x9e, 0xff, 0xff, 0x3e, 0xff, 0xff,
    0x70, 0x2f, 0xfd, 0xc7, 0xbf, 0xfd, 0xd7, 0xaf,
    0xff, 0x2, 0xff, 0xe0, 0x0, 0xef, 0xf1, 0x0,
    0xbf, 0xf4, 0x2f, 0xfb, 0x0, 0xb, 0xfe, 0x0,
    0x8, 0xff, 0x52, 0xff, 0xb0, 0x0, 0xbf, 0xe0,
    0x0, 0x8f, 0xf6, 0x2f, 0xfb, 0x0, 0xb, 0xfe,
    0x0, 0x8, 0xff, 0x62, 0xff, 0xb0, 0x0, 0xbf,
    0xe0, 0x0, 0x8f, 0xf6, 0x2f, 0xfb, 0x0, 0xb,
    0xfe, 0x0, 0x8, 0xff, 0x62, 0xff, 0xb0, 0x0,
    0xbf, 0xe0, 0x0, 0x8f, 0xf6, 0x2f, 0xfb, 0x0,
    0xb, 0xfe, 0x0, 0x8, 0xff, 0x62, 0xff, 0xb0,
    0x0, 0xbf, 0xe0, 0x0, 0x8f, 0xf6, 0x2f, 0xfb,
    0x0, 0xb, 0xfe, 0x0, 0x8, 0xff, 0x62, 0xff,
    0xb0, 0x0, 0xbf, 0xe0, 0x0, 0x8f, 0xf6, 0x2f,
    0xfb, 0x0, 0xb, 0xfe, 0x0, 0x8, 0xff, 0x62,
    0xff, 0xb0, 0x0, 0xbf, 0xe0, 0x0, 0x8f, 0xf6,
    0x2f, 0xfb, 0x0, 0xb, 0xfe, 0x0, 0x8, 0xff,
    0x62, 0xff, 0xb0, 0x0, 0xbf, 0xe0, 0x0, 0x8f,
    0xf6,

    /* U+006E "n" */
    0x3f, 0xff, 0x1, 0x8d, 0xfe, 0xb5, 0x0, 0x3,
    0xff, 0xf2, 0xef, 0xff, 0xff, 0xfa, 0x0, 0x3f,
    0xff, 0xaf, 0xeb, 0xcf, 0xff, 0xf7, 0x3, 0xff,
    0xff, 0x50, 0x0, 0x2d, 0xff, 0xf0, 0x3f, 0xff,
    0x80, 0x0, 0x0, 0x3f, 0xff, 0x43, 0xff, 0xf2,
    0x0, 0x0, 0x0, 0xef, 0xf6, 0x3f, 0xff, 0x0,
    0x0, 0x0, 0xc, 0xff, 0x73, 0xff, 0xf0, 0x0,
    0x0, 0x0, 0xbf, 0xf7, 0x3f, 0xff, 0x0, 0x0,
    0x0, 0xb, 0xff, 0x73, 0xff, 0xf0, 0x0, 0x0,
    0x0, 0xbf, 0xf7, 0x3f, 0xff, 0x0, 0x0, 0x0,
    0xb, 0xff, 0x73, 0xff, 0xf0, 0x0, 0x0, 0x0,
    0xbf, 0xf7, 0x3f, 0xff, 0x0, 0x0, 0x0, 0xb,
    0xff, 0x73, 0xff, 0xf0, 0x0, 0x0, 0x0, 0xbf,
    0xf7, 0x3f, 0xff, 0x0, 0x0, 0x0, 0xb, 0xff,
    0x73, 0xff, 0xf0, 0x0, 0x0, 0x0, 0xbf, 0xf7,
    0x3f, 0xff, 0x0, 0x0, 0x0, 0xb, 0xff, 0x73,
    0xff, 0xf0, 0x0, 0x0, 0x0, 0xbf, 0xf7,

    /* U+006F "o" */
    0x0, 0x0, 0x6b, 0xef, 0xec, 0x81, 0x0, 0x0,
    0x3, 0xdf, 0xff, 0xff, 0xff, 0xf5, 0x0, 0x2,
    0xef, 0xff, 0xfd, 0xff, 0xff, 0xf4, 0x0, 0xaf,
    0xfe, 0x50, 0x0, 0x3d, 0xff, 0xd0, 0x1f, 0xff,
    0x40, 0x0, 0x0, 0x1f, 0xff, 0x44, 0xff, 0xe0,
    0x0, 0x0, 0x0, 0xaf, 0xf8, 0x6f, 0xfc, 0x0,
    0x0, 0x0, 0x8, 0xff, 0x97, 0xff, 0xb0, 0x0,
    0x0, 0x0, 0x8f, 0xfa, 0x7f, 0xfb, 0x0, 0x0,
    0x0, 0x8, 0xff, 0xa7, 0xff, 0xb0, 0x0, 0x0,
    0x0, 0x8f, 0xfa, 0x7f, 0xfb, 0x0, 0x0, 0x0,
    0x8, 0xff, 0xa6, 0xff, 0xc0, 0x0, 0x0, 0x0,
    0x8f, 0xf9, 0x4f, 0xfe, 0x0, 0x0, 0x0, 0xa,
    0xff, 0x81, 0xff, 0xf4, 0x0, 0x0, 0x1, 0xff,
    0xf4, 0xb, 0xff, 0xe5, 0x0, 0x3, 0xdf, 0xfd,
    0x0, 0x2e, 0xff, 0xff, 0xde, 0xff, 0xff, 0x40,
    0x0, 0x3e, 0xff, 0xff, 0xff, 0xff, 0x50, 0x0,
    0x0, 0x6, 0xbe, 0xfe, 0xc8, 0x10, 0x0,

    /* U+0070 "p" */
    0x3f, 0xff, 0x0, 0x8d, 0xfe, 0xc5, 0x0, 0x3,
    0xff, 0xf1, 0xef, 0xff, 0xff, 0xfa, 0x0, 0x3f,
    0xff, 0xaf, 0xec, 0xef, 0xff, 0xf7, 0x3, 0xff,
    0xfe, 0x60, 0x0, 0x2c, 0xff, 0xf0, 0x3f, 0xff,
    0x80, 0x0, 0x0, 0x1f, 0xff, 0x43, 0xff, 0xf2,
    0x0, 0x0, 0x0, 0xbf, 0xf7, 0x3f, 0xff, 0x0,
    0x0, 0x0, 0xa, 0xff, 0x83, 0xff, 0xf0, 0x0,
    0x0, 0x0, 0xaf, 0xf8, 0x3f, 0xff, 0x0, 0x0,
    0x0, 0xa, 0xff, 0x83, 0xff, 0xf0, 0x0, 0x0,
    0x0, 0xaf, 0xf8, 0x3f, 0xff, 0x0, 0x0, 0x0,
    0xa, 0xff, 0x83, 0xff, 0xf0, 0x0, 0x0, 0x0,
    0xaf, 0xf8, 0x3f, 0xff, 0x20, 0x0, 0x0, 0xb,
    0xff, 0x73, 0xff, 0xf8, 0x0, 0x0, 0x1, 0xff,
    0xf4, 0x3f, 0xff, 0xe6, 0x0, 0x2, 0xcf, 0xff,
    0x3, 0xff, 0xf9, 0xfe, 0xce, 0xff, 0xff, 0x70,
    0x3f, 0xff, 0x1d, 0xff, 0xff, 0xff, 0xa0, 0x3,
    0xff, 0xf0, 0x8, 0xdf, 0xfc, 0x50, 0x0, 0x3f,
    0xff, 0x0, 0x0, 0x0, 0x0, 0x0, 0x3, 0xff,
    0xf0, 0x0, 0x0, 0x0, 0x0, 0x0, 0x3f, 0xff,
    0x0, 0x0, 0x0, 0x0, 0x0, 0x3, 0xff, 0xf0,
    0x0, 0x0, 0x0, 0x0, 0x0, 0x3f, 0xff, 0x0,
    0x0, 0x0, 0x0, 0x0, 0x3, 0xff, 0xf0, 0x0,
    0x0, 0x0, 0x0, 0x0,

    /* U+0071 "q" */
    0x0, 0x3, 0xae, 0xfd, 0x91, 0xc, 0xff, 0x60,
    0x7, 0xff, 0xff, 0xff, 0xf2, 0xcf, 0xf6, 0x4,
    0xff, 0xff, 0xec, 0xef, 0xdc, 0xff, 0x60, 0xdf,
    0xfd, 0x30, 0x0, 0x4e, 0xef, 0xf6, 0x1f, 0xff,
    0x30, 0x0, 0x0, 0x5f, 0xff, 0x64, 0xff, 0xe0,
    0x0, 0x0, 0x0, 0xff, 0xf6, 0x5f, 0xfd, 0x0,
    0x0, 0x0, 0xd, 0xff, 0x65, 0xff, 0xd0, 0x0,
    0x0, 0x0, 0xcf, 0xf6, 0x5f, 0xfd, 0x0, 0x0,
    0x0, 0xc, 0xff, 0x65, 0xff, 0xd0, 0x0, 0x0,
    0x0, 0xcf, 0xf6, 0x5f, 0xfd, 0x0, 0x0, 0x0,
    0xc, 0xff, 0x65, 0xff, 0xd0, 0x0, 0x0, 0x0,
    0xdf, 0xf6, 0x4f, 0xfe, 0x0, 0x0, 0x0, 0xf,
    0xff, 0x61, 0xff, 0xf3, 0x0, 0x0, 0x5, 0xff,
    0xf6, 0xc, 0xff, 0xd3, 0x0, 0x4, 0xee, 0xff,
    0x60, 0x4f, 0xff, 0xfe, 0xce, 0xfc, 0xbf, 0xf6,
    0x0, 0x7f, 0xff, 0xff, 0xfe, 0x2c, 0xff, 0x60,
    0x0, 0x4b, 0xef, 0xd9, 0x10, 0xcf, 0xf6, 0x0,
    0x0, 0x0, 0x0, 0x0, 0xc, 0xff, 0x60, 0x0,
    0x0, 0x0, 0x0, 0x0, 0xcf, 0xf6, 0x0, 0x0,
    0x0, 0x0, 0x0, 0xc, 0xff, 0x60, 0x0, 0x0,
    0x0, 0x0, 0x0, 0xcf, 0xf6, 0x0, 0x0, 0x0,
    0x0, 0x0, 0xc, 0xff, 0x60, 0x0, 0x0, 0x0,
    0x0, 0x0, 0xcf, 0xf6,

    /* U+0072 "r" */
    0x8f, 0xf9, 0x3, 0xae, 0xfe, 0xa3, 0x0, 0x8,
    0xff, 0x95, 0xff, 0xff, 0xff, 0xf6, 0x0, 0x8f,
    0xf9, 0xff, 0xdc, 0xef, 0xff, 0xf2, 0x8, 0xff,
    0xed, 0x20, 0x0, 0x5f, 0xff, 0xa0, 0x8f, 0xff,
    0x30, 0x0, 0x0, 0x7f, 0xfe, 0x8, 0xff, 0xc0,
    0x0, 0x0, 0x2, 0xff, 0xf0, 0x8f, 0xfa, 0x0,
    0x0, 0x0, 0xf, 0xff, 0x18, 0xff, 0xa0, 0x0,
    0x0, 0x0, 0xff, 0xf1, 0x8f, 0xfa, 0x0, 0x0,
    0x0, 0x0, 0x0, 0x8, 0xff, 0xa0, 0x0, 0x0,
    0x0, 0x0, 0x0, 0x8f, 0xfa, 0x0, 0x0, 0x0,
    0x0, 0x0, 0x8, 0xff, 0xa0, 0x0, 0x0, 0x0,
    0x0, 0x0, 0x8f, 0xfa, 0x0, 0x0, 0x0, 0x0,
    0x0, 0x8, 0xff, 0xa0, 0x0, 0x0, 0x0, 0x0,
    0x0, 0x8f, 0xfa, 0x0, 0x0, 0x0, 0x0, 0x0,
    0x8, 0xff, 0xa0, 0x0, 0x0, 0x0, 0x0, 0x0,
    0x8f, 0xfa, 0x0, 0x0, 0x0, 0x0, 0x0, 0x8,
    0xff, 0xa0, 0x0, 0x0, 0x0, 0x0, 0x0,

    /* U+0073 "s" */
    0x0, 0x5, 0xbe, 0xff, 0xfe, 0xb5, 0x0, 0x0,
    0xb, 0xff, 0xff, 0xff, 0xff, 0xfc, 0x10, 0x9,
    0xff, 0xfd, 0xa9, 0xad, 0xff, 0xfb, 0x0, 0xff,
    0xf7, 0x0, 0x0, 0x6, 0xff, 0xf2, 0x2f, 0xff,
    0x0, 0x0, 0x0, 0x9, 0xaa, 0x32, 0xff, 0xe0,
    0x0, 0x0, 0x0, 0x0, 0x0, 0xf, 0xff, 0x91,
    0x0, 0x0, 0x0, 0x0, 0x0, 0xaf, 0xff, 0xfe,
    0xca, 0x85, 0x10, 0x0, 0x1, 0xcf, 0xff, 0xff,
    0xff, 0xff, 0x90, 0x0, 0x0, 0x5a, 0xdf, 0xff,
    0xff, 0xff, 0xb0, 0x0, 0x0, 0x0, 0x2, 0x47,
    0xcf, 0xff, 0x30, 0x0, 0x0, 0x0, 0x0, 0x0,
    0xcf, 0xf8, 0x1, 0x11, 0x0, 0x0, 0x0, 0x7,
    0xff, 0x96, 0xff, 0xd0, 0x0, 0x0, 0x0, 0x9f,
    0xf9, 0x3f, 0xff, 0x70, 0x0, 0x0, 0x4f, 0xff,
    0x60, 0xcf, 0xff, 0xdb, 0xaa, 0xdf, 0xff, 0xe0,
    0x1, 0xdf, 0xff, 0xff, 0xff, 0xff, 0xe3, 0x0,
    0x0, 0x6b, 0xef, 0xff, 0xec, 0x71, 0x0,

    /* U+0074 "t" */
    0x0, 0x0, 0x4, 0x88, 0x40, 0x0, 0x0, 0x0,
    0x0, 0x0, 0x9, 0xff, 0x90, 0x0, 0x0, 0x0,
    0x0, 0x0, 0x9, 0xff, 0x90, 0x0, 0x0, 0x0,
    0x0, 0x0, 0x9, 0xff, 0x90, 0x0, 0x0, 0x0,
    0x0, 0x0, 0x9, 0xff, 0x90, 0x0, 0x0, 0x0,
    0x9f, 0xff, 0xff, 0xff, 0xff, 0xff, 0xff, 0xfb,
    0x9f, 0xff, 0xff, 0xff, 0xff, 0xff, 0xff, 0xfb,
    0x8e, 0xee, 0xef, 0xff, 0xfe, 0xee, 0xee, 0xea,
    0x0, 0x0, 0x9, 0xff, 0x90, 0x0, 0x0, 0x0,
    0x0, 0x0, 0x9, 0xff, 0x90, 0x0, 0x0, 0x0,
    0x0, 0x0, 0x9, 0xff, 0x90, 0x0, 0x0, 0x0,
    0x0, 0x0, 0x9, 0xff, 0x90, 0x0, 0x0, 0x0,
    0x0, 0x0, 0x9, 0xff, 0x90, 0x0, 0x0, 0x0,
    0x0, 0x0, 0x9, 0xff, 0x90, 0x0, 0x0, 0x0,
    0x0, 0x0, 0x9, 0xff, 0x90, 0x0, 0x0, 0x0,
    0x0, 0x0, 0x9, 0xff, 0x90, 0x0, 0x0, 0x0,
    0x0, 0x0, 0x9, 0xff, 0x90, 0x0, 0x0, 0x0,
    0x0, 0x0, 0x9, 0xff, 0x90, 0x0, 0x0, 0x0,
    0x0, 0x0, 0x8, 0xff, 0xa0, 0x0, 0x0, 0x0,
    0x0, 0x0, 0x6, 0xff, 0xf3, 0x0, 0x0, 0x0,
    0x0, 0x0, 0x1, 0xff, 0xff, 0xee, 0xee, 0xe8,
    0x0, 0x0, 0x0, 0x5f, 0xff, 0xff, 0xff, 0xf9,
    0x0, 0x0, 0x0, 0x3, 0xbe, 0xff, 0xff, 0xf9,

    /* U+0075 "u" */
    0x4f, 0xfe, 0x0, 0x0, 0x0, 0xb, 0xff, 0x74,
    0xff, 0xe0, 0x0, 0x0, 0x0, 0xbf, 0xf7, 0x4f,
    0xfe, 0x0, 0x0, 0x0, 0xb, 0xff, 0x74, 0xff,
    0xe0, 0x0, 0x0, 0x0, 0xbf, 0xf7, 0x4f, 0xfe,
    0x0, 0x0, 0x0, 0xb, 0xff, 0x74, 0xff, 0xe0,
    0x0, 0x0, 0x0, 0xbf, 0xf7, 0x4f, 0xfe, 0x0,
    0x0, 0x0, 0xb, 0xff, 0x74, 0xff, 0xe0, 0x0,
    0x0, 0x0, 0xbf, 0xf7, 0x4f, 0xfe, 0x0, 0x0,
    0x0, 0xb, 0xff, 0x74, 0xff, 0xe0, 0x0, 0x0,
    0x0, 0xbf, 0xf7, 0x4f, 0xfe, 0x0, 0x0, 0x0,
    0xb, 0xff, 0x73, 0xff, 0xf0, 0x0, 0x0, 0x0,
    0xcf, 0xf6, 0x2f, 0xff, 0x10, 0x0, 0x0, 0xe,
    0xff, 0x50, 0xef, 0xf8, 0x0, 0x0, 0x5, 0xff,
    0xf1, 0x8, 0xff, 0xf6, 0x0, 0x4, 0xef, 0xfb,
    0x0, 0x1d, 0xff, 0xfe, 0xde, 0xff, 0xff, 0x20,
    0x0, 0x2d, 0xff, 0xff, 0xff, 0xfe, 0x30, 0x0,
    0x0, 0x6, 0xbe, 0xfe, 0xc7, 0x0, 0x0,

    /* U+0076 "v" */
    0x3f, 0xff, 0x10, 0x0, 0x0, 0x0, 0xe, 0xff,
    0x70, 0xef, 0xf6, 0x0, 0x0, 0x0, 0x3, 0xff,
    0xf2, 0x9, 0xff, 0xb0, 0x0, 0x0, 0x0, 0x8f,
    0xfc, 0x0, 0x4f, 0xff, 0x10, 0x0, 0x0, 0xd,
    0xff, 0x70, 0x0, 0xef, 0xf6, 0x0, 0x0, 0x2,
    0xff, 0xf2, 0x0, 0x9, 0xff, 0xb0, 0x0, 0x0,
    0x7f, 0xfc, 0x0, 0x0, 0x4f, 0xff, 0x0, 0x0,
    0xc, 0xff, 0x70, 0x0, 0x0, 0xef, 0xf5, 0x0,
    0x1, 0xff, 0xf2, 0x0, 0x0, 0x9, 0xff, 0xa0,
    0x0, 0x6f, 0xfc, 0x0, 0x0, 0x0, 0x4f, 0xff,
    0x0, 0xb, 0xff, 0x70, 0x0, 0x0, 0x0, 0xef,
    0xf4, 0x0, 0xff, 0xf2, 0x0, 0x0, 0x0, 0x9,
    0xff, 0x90, 0x5f, 0xfc, 0x0, 0x0, 0x0, 0x0,
    0x4f, 0xfe, 0x9, 0xff, 0x70, 0x0, 0x0, 0x0,
    0x0, 0xef, 0xf2, 0xef, 0xf2, 0x0, 0x0, 0x0,
    0x0, 0x9, 0xff, 0x8f, 0xfc, 0x0, 0x0, 0x0,
    0x0, 0x0, 0x4f, 0xff, 0xff, 0x70, 0x0, 0x0,
    0x0, 0x0, 0x0, 0xef, 0xff, 0xf2, 0x0, 0x0,
    0x0, 0x0, 0x0, 0x9, 0xff, 0xfc, 0x0, 0x0,
    0x0,

    /* U+0077 "w" */
    0x1f, 0xf9, 0x0, 0x0, 0xff, 0xf3, 0x0, 0x4,
    0xff, 0x40, 0xef, 0xc0, 0x0, 0x2f, 0xff, 0x50,
    0x0, 0x7f, 0xf1, 0xb, 0xfe, 0x0, 0x5, 0xff,
    0xf8, 0x0, 0x9, 0xfe, 0x0, 0x9f, 0xf0, 0x0,
    0x8f, 0xbf, 0xb0, 0x0, 0xbf, 0xc0, 0x6, 0xff,
    0x20, 0xa, 0xf8, 0xfe, 0x0, 0xe, 0xf9, 0x0,
    0x4f, 0xf5, 0x0, 0xdf, 0x3f, 0xf0, 0x0, 0xff,
    0x60, 0x1, 0xff, 0x70, 0xf, 0xf0, 0xef, 0x30,
    0x2f, 0xf4, 0x0, 0xf, 0xf9, 0x3, 0xfe, 0xb,
    0xf6, 0x5, 0xff, 0x10, 0x0, 0xcf, 0xb0, 0x5f,
    0xb0, 0x9f, 0x90, 0x7f, 0xe0, 0x0, 0xa, 0xfe,
    0x8, 0xf8, 0x6, 0xfb, 0x9, 0xfc, 0x0, 0x0,
    0x7f, 0xf0, 0xbf, 0x60, 0x3f, 0xe0, 0xcf, 0x90,
    0x0, 0x5, 0xff, 0x2e, 0xf3, 0x1, 0xff, 0x1e,
    0xf6, 0x0, 0x0, 0x2f, 0xf5, 0xff, 0x0, 0xe,
    0xf4, 0xff, 0x40, 0x0, 0x0, 0xff, 0x9f, 0xe0,
    0x0, 0xcf, 0x8f, 0xf1, 0x0, 0x0, 0xd, 0xfc,
    0xfb, 0x0, 0x9, 0xfc, 0xff, 0x0, 0x0, 0x0,
    0xaf, 0xff, 0x80, 0x0, 0x6f, 0xff, 0xc0, 0x0,
    0x0, 0x8, 0xff, 0xf6, 0x0, 0x4, 0xff, 0xf9,
    0x0, 0x0, 0x0, 0x5f, 0xff, 0x30, 0x0, 0x1f,
    0xff, 0x70, 0x0,

    /* U+0078 "x" */
    0xc, 0xff, 0xd0, 0x0, 0x0, 0x0, 0xaf, 0xfe,
    0x10, 0x2f, 0xff, 0x70, 0x0, 0x0, 0x4f, 0xff,
    0x50, 0x0, 0x7f, 0xff, 0x20, 0x0, 0xd, 0xff,
    0xa0, 0x0, 0x0, 0xcf, 0xfb, 0x0, 0x8, 0xff,
    0xe1, 0x0, 0x0, 0x2, 0xff, 0xf5, 0x2, 0xff,
    0xf5, 0x0, 0x0, 0x0, 0x7, 0xff, 0xe0, 0xbf,
    0xfa, 0x0, 0x0, 0x0, 0x0, 0xc, 0xff, 0xbf,
    0xfe, 0x10, 0x0, 0x0, 0x0, 0x0, 0x2f, 0xff,
    0xff, 0x50, 0x0, 0x0, 0x0, 0x0, 0x0, 0x7f,
    0xff, 0xb0, 0x0, 0x0, 0x0, 0x0, 0x0, 0xc,
    0xff, 0xfe, 0x10, 0x0, 0x0, 0x0, 0x0, 0x7,
    0xff, 0xff, 0xfa, 0x0, 0x0, 0x0, 0x0, 0x2,
    0xff, 0xf5, 0xff, 0xf5, 0x0, 0x0, 0x0, 0x0,
    0xcf, 0xfa, 0x7, 0xff, 0xe1, 0x0, 0x0, 0x0,
    0x7f, 0xfe, 0x10, 0xd, 0xff, 0xb0, 0x0, 0x0,
    0x3f, 0xff, 0x60, 0x0, 0x3f, 0xff, 0x60, 0x0,
    0xd, 0xff, 0xc0, 0x0, 0x0, 0x9f, 0xff, 0x10,
    0x8, 0xff, 0xf2, 0x0, 0x0, 0x0, 0xef, 0xfb,
    0x3, 0xff, 0xf8, 0x0, 0x0, 0x0, 0x4, 0xff,
    0xf6,

    /* U+0079 "y" */
    0x3f, 0xff, 0x20, 0x0, 0x0, 0x0, 0xe, 0xff,
    0x70, 0xdf, 0xf8, 0x0, 0x0, 0x0, 0x4, 0xff,
    0xf1, 0x7, 0xff, 0xe0, 0x0, 0x0, 0x0, 0x9f,
    0xfb, 0x0, 0x1f, 0xff, 0x40, 0x0, 0x0, 0xe,
    0xff, 0x50, 0x0, 0xaf, 0xf9, 0x0, 0x0, 0x4,
    0xff, 0xf0, 0x0, 0x4, 0xff, 0xf0, 0x0, 0x0,
    0xaf, 0xf9, 0x0, 0x0, 0xe, 0xff, 0x50, 0x0,
    0xf, 0xff, 0x40, 0x0, 0x0, 0x8f, 0xfb, 0x0,
    0x5, 0xff, 0xe0, 0x0, 0x0, 0x2, 0xff, 0xf1,
    0x0, 0xaf, 0xf8, 0x0, 0x0, 0x0, 0xb, 0xff,
    0x70, 0xf, 0xff, 0x20, 0x0, 0x0, 0x0, 0x5f,
    0xfd, 0x5, 0xff, 0xc0, 0x0, 0x0, 0x0, 0x0,
    0xef, 0xf3, 0xaf, 0xf7, 0x0, 0x0, 0x0, 0x0,
    0x9, 0xff, 0x8f, 0xff, 0x10, 0x0, 0x0, 0x0,
    0x0, 0x3f, 0xfe, 0xff, 0xb0, 0x0, 0x0, 0x0,
    0x0, 0x0, 0xcf, 0xff, 0xf5, 0x0, 0x0, 0x0,
    0x0, 0x0, 0x6, 0xff, 0xff, 0x0, 0x0, 0x0,
    0x0, 0x0, 0x0, 0x1f, 0xff, 0x90, 0x0, 0x0,
    0x0, 0x0, 0x0, 0x0, 0xff, 0xf4, 0x0, 0x0,
    0x0, 0x0, 0x0, 0x0, 0x6f, 0xfe, 0x0, 0x0,
    0x0, 0x0, 0x0, 0x0, 0xc, 0xff, 0x80, 0x0,
    0x0, 0x0, 0x0, 0x0, 0x2, 0xff, 0xf2, 0x0,
    0x0, 0x0, 0x0, 0x0, 0x0, 0x7f, 0xfc, 0x0,
    0x0, 0x0, 0x0, 0x0, 0x0, 0xd, 0xff, 0x60,
    0x0, 0x0, 0x0, 0x0, 0x0, 0x3, 0xff, 0xf1,
    0x0, 0x0, 0x0, 0x0,

    /* U+007A "z" */
    0xf, 0xff, 0xff, 0xff, 0xff, 0xff, 0xff, 0x10,
    0xff, 0xff, 0xff, 0xff, 0xff, 0xff, 0xf1, 0xd,
    0xdd, 0xdd, 0xdd, 0xdd, 0xff, 0xff, 0x10, 0x0,
    0x0, 0x0, 0x0, 0x1e, 0xff, 0xb0, 0x0, 0x0,
    0x0, 0x0, 0xc, 0xff, 0xd1, 0x0, 0x0, 0x0,
    0x0, 0xa, 0xff, 0xf2, 0x0, 0x0, 0x0, 0x0,
    0x7, 0xff, 0xf4, 0x0, 0x0, 0x0, 0x0, 0x4,
    0xff, 0xf7, 0x0, 0x0, 0x0, 0x0, 0x2, 0xef,
    0xfa, 0x0, 0x0, 0x0, 0x0, 0x0, 0xdf, 0xfc,
    0x0, 0x0, 0x0, 0x0, 0x0, 0xaf, 0xfe, 0x10,
    0x0, 0x0, 0x0, 0x0, 0x7f, 0xff, 0x30, 0x0,
    0x0, 0x0, 0x0, 0x4f, 0xff, 0x50, 0x0, 0x0,
    0x0, 0x0, 0x2f, 0xff, 0x80, 0x0, 0x0, 0x0,
    0x0, 0xd, 0xff, 0xb0, 0x0, 0x0, 0x0, 0x0,
    0x3, 0xff, 0xfe, 0xdd, 0xdd, 0xdd, 0xdd, 0xd5,
    0x3f, 0xff, 0xff, 0xff, 0xff, 0xff, 0xff, 0x63,
    0xff, 0xff, 0xff, 0xff, 0xff, 0xff, 0xf6,

    /* U+007B "{" */
    0x0, 0x0, 0x0, 0x0, 0x6, 0xce, 0xff, 0x30,
    0x0, 0x0, 0x0, 0x2d, 0xff, 0xff, 0xf3, 0x0,
    0x0, 0x0, 0xc, 0xff, 0xff, 0xed, 0x30, 0x0,
    0x0, 0x3, 0xff, 0xf9, 0x10, 0x0, 0x0, 0x0,
    0x0, 0x5f, 0xff, 0x0, 0x0, 0x0, 0x0, 0x0,
    0x4, 0xff, 0xd0, 0x0, 0x0, 0x0, 0x0, 0x0,
    0x3f, 0xff, 0x0, 0x0, 0x0, 0x0, 0x0, 0x1,
    0xff, 0xf0, 0x0, 0x0, 0x0, 0x0, 0x0, 0xf,
    0xff, 0x20, 0x0, 0x0, 0x0, 0x0, 0x0, 0xef,
    0xf3, 0x0, 0x0, 0x0, 0x0, 0x0, 0xd, 0xff,
    0x40, 0x0, 0x0, 0x0, 0x0, 0x0, 0xef, 0xf4,
    0x0, 0x0, 0x0, 0x0, 0x0, 0x7f, 0xfe, 0x0,
    0x0, 0x8, 0xdd, 0xde, 0xff, 0xfd, 0x20, 0x0,
    0x0, 0xaf, 0xff, 0xff, 0xd7, 0x0, 0x0, 0x0,
    0xa, 0xff, 0xff, 0xff, 0xfc, 0x10, 0x0, 0x0,
    0x0, 0x0, 0x2, 0xaf, 0xfc, 0x0, 0x0, 0x0,
    0x0, 0x0, 0x0, 0xff, 0xf3, 0x0, 0x0, 0x0,
    0x0, 0x0, 0xd, 0xff, 0x50, 0x0, 0x0, 0x0,
    0x0, 0x0, 0xef, 0xf4, 0x0, 0x0, 0x0, 0x0,
    0x0, 0xf, 0xff, 0x20, 0x0, 0x0, 0x0, 0x0,
    0x1, 0xff, 0xf1, 0x0, 0x0, 0x0, 0x0, 0x0,
    0x2f, 0xff, 0x0, 0x0, 0x0, 0x0, 0x0, 0x3,
    0xff, 0xe0, 0x0, 0x0, 0x0, 0x0, 0x0, 0x5f,
    0xfd, 0x0, 0x0, 0x0, 0x0, 0x0, 0x5, 0xff,
    0xf0, 0x0, 0x0, 0x0, 0x0, 0x0, 0x2f, 0xff,
    0xa1, 0x0, 0x0, 0x0, 0x0, 0x0, 0xbf, 0xff,
    0xfe, 0xd3, 0x0, 0x0, 0x0, 0x1, 0xcf, 0xff,
    0xff, 0x30, 0x0, 0x0, 0x0, 0x0, 0x6b, 0xef,
    0xf3,

    /* U+007C "|" */
    0xff, 0xf3, 0xff, 0xf3, 0xff, 0xf3, 0xff, 0xf3,
    0xff, 0xf3, 0xff, 0xf3, 0xff, 0xf3, 0xff, 0xf3,
    0xff, 0xf3, 0xff, 0xf3, 0xff, 0xf3, 0xff, 0xf3,
    0xff, 0xf3, 0xff, 0xf3, 0xff, 0xf3, 0xff, 0xf3,
    0xff, 0xf3, 0xff, 0xf3, 0xff, 0xf3, 0xff, 0xf3,
    0xff, 0xf3, 0xff, 0xf3, 0xff, 0xf3, 0xff, 0xf3,
    0xff, 0xf3, 0xff, 0xf3, 0xff, 0xf3, 0xff, 0xf3,
    0xff, 0xf3, 0xff, 0xf3,

    /* U+007D "}" */
    0xff, 0xec, 0x81, 0x0, 0x0, 0x0, 0x0, 0xff,
    0xff, 0xff, 0x40, 0x0, 0x0, 0x0, 0xde, 0xff,
    0xff, 0xf1, 0x0, 0x0, 0x0, 0x0, 0x6, 0xff,
    0xf6, 0x0, 0x0, 0x0, 0x0, 0x0, 0xbf, 0xf8,
    0x0, 0x0, 0x0, 0x0, 0x0, 0xaf, 0xf7, 0x0,
    0x0, 0x0, 0x0, 0x0, 0xdf, 0xf5, 0x0, 0x0,
    0x0, 0x0, 0x0, 0xff, 0xf2, 0x0, 0x0, 0x0,
    0x0, 0x2, 0xff, 0xf0, 0x0, 0x0, 0x0, 0x0,
    0x4, 0xff, 0xd0, 0x0, 0x0, 0x0, 0x0, 0x6,
    0xff, 0xc0, 0x0, 0x0, 0x0, 0x0, 0x6, 0xff,
    0xc0, 0x0, 0x0, 0x0, 0x0, 0x2, 0xff, 0xf6,
    0x0, 0x0, 0x0, 0x0, 0x0, 0x4e, 0xff, 0xfd,
    0xdd, 0xdb, 0x0, 0x0, 0x1, 0xbf, 0xff, 0xff,
    0xfd, 0x0, 0x0, 0x3f, 0xff, 0xff, 0xff, 0xfd,
    0x0, 0x1, 0xef, 0xf8, 0x20, 0x0, 0x0, 0x0,
    0x5, 0xff, 0xd0, 0x0, 0x0, 0x0, 0x0, 0x7,
    0xff, 0xc0, 0x0, 0x0, 0x0, 0x0, 0x5, 0xff,
    0xd0, 0x0, 0x0, 0x0, 0x0, 0x3, 0xff, 0xf0,
    0x0, 0x0, 0x0, 0x0, 0x0, 0xff, 0xf1, 0x0,
    0x0, 0x0, 0x0, 0x0, 0xef, 0xf4, 0x0, 0x0,
    0x0, 0x0, 0x0, 0xcf, 0xf6, 0x0, 0x0, 0x0,
    0x0, 0x0, 0xaf, 0xf8, 0x0, 0x0, 0x0, 0x0,
    0x0, 0xbf, 0xf8, 0x0, 0x0, 0x0, 0x0, 0x7,
    0xff, 0xf5, 0x0, 0x0, 0x0, 0xde, 0xff, 0xff,
    0xe0, 0x0, 0x0, 0x0, 0xff, 0xff, 0xfe, 0x30,
    0x0, 0x0, 0x0, 0xff, 0xec, 0x71, 0x0, 0x0,
    0x0, 0x0,

    /* U+007E "~" */
    0x1, 0x9e, 0xfd, 0x60, 0x0, 0x0, 0x9b, 0xb1,
    0x1e, 0xff, 0xff, 0xfa, 0x0, 0x0, 0xcf, 0xf2,
    0x8f, 0xfe, 0xae, 0xff, 0x70, 0x0, 0xcf, 0xf1,
    0xdf, 0xf2, 0x2, 0xff, 0xf4, 0x0, 0xef, 0xf0,
    0xef, 0xf0, 0x0, 0x5f, 0xff, 0xad, 0xff, 0xc0,
    0xef, 0xf0, 0x0, 0x7, 0xff, 0xff, 0xff, 0x30,
    0xab, 0xb0, 0x0, 0x0, 0x5c, 0xff, 0xb2, 0x0,

    /* U+F124 "" */
    0x0, 0x0, 0x0, 0x0, 0x0, 0x0, 0x0, 0x0,
    0x0, 0x0, 0x0, 0x0, 0x0, 0x0, 0x0, 0x0,
    0x0, 0x0, 0x0, 0x0, 0x0, 0x0, 0x0, 0x0,
    0x0, 0x0, 0x0, 0x0, 0x0, 0x0, 0x2, 0x9e,
    0xe6, 0x0, 0x0, 0x0, 0x0, 0x0, 0x0, 0x0,
    0x0, 0x0, 0x0, 0x0, 0x0, 0x0, 0x3, 0xaf,
    0xff, 0xff, 0x60, 0x0, 0x0, 0x0, 0x0, 0x0,
    0x0, 0x0, 0x0, 0x0, 0x0, 0x0, 0x4, 0xcf,
    0xff, 0xff, 0xff, 0xe0, 0x0, 0x0, 0x0, 0x0,
    0x0, 0x0, 0x0, 0x0, 0x0, 0x0, 0x6, 0xdf,
    0xff, 0xff, 0xff, 0xff, 0xe0, 0x0, 0x0, 0x0,
    0x0, 0x0, 0x0, 0x0, 0x0, 0x0, 0x17, 0xef,
    0xff, 0xff, 0xff, 0xff, 0xff, 0x90, 0x0, 0x0,
    0x0, 0x0, 0x0, 0x0, 0x0, 0x0, 0x18, 0xff,
    0xff, 0xff, 0xff, 0xff, 0xff, 0xff, 0x20, 0x0,
    0x0, 0x0, 0x0, 0x0, 0x0, 0x0, 0x2a, 0xff,
    0xff, 0xff, 0xff, 0xff, 0xff, 0xff, 0xfa, 0x0,
    0x0, 0x0, 0x0, 0x0, 0x0, 0x0, 0x4b, 0xff,
    0xff, 0xff, 0xff, 0xff, 0xff, 0xff, 0xff, 0xf3,
    0x0, 0x0, 0x0, 0x0, 0x0, 0x0, 0x5c, 0xff,
    0xff, 0xff, 0xff, 0xff, 0xff, 0xff, 0xff, 0xff,
    0xc0, 0x0, 0x0, 0x0, 0x0, 0x0, 0x6d, 0xff,
    0xff, 0xff, 0xff, 0xff, 0xff, 0xff, 0xff, 0xff,
    0xff, 0x40, 0x0, 0x0, 0x0, 0x1, 0x8e, 0xff,
    0xff, 0xff, 0xff, 0xff, 0xff, 0xff, 0xff, 0xff,
    0xff, 0xfd, 0x0, 0x0, 0x0, 0x2, 0x9f, 0xff,
    0xff, 0xff, 0xff, 0xff, 0xff, 0xff, 0xff, 0xff,
    0xff, 0xff, 0xf6, 0x0, 0x0, 0x0, 0x9f, 0xff,
    0xff, 0xff, 0xff, 0xff, 0xff, 0xff, 0xff, 0xff,
    0xff, 0xff, 0xff, 0xe0, 0x0, 0x0, 0x9, 0xff,
    0xff, 0xff, 0xff, 0xff, 0xff, 0xff, 0xff, 0xff,
    0xff, 0xff, 0xff, 0xff, 0x70, 0x0, 0x0, 0xf,
    0xff, 0xff, 0xff, 0xff, 0xff, 0xff, 0xff, 0xff,
    0xff, 0xff, 0xff, 0xff, 0xff, 0x10, 0x0, 0x0,
    0xf, 0xff, 0xff, 0xff, 0xff, 0xff, 0xff, 0xff,
    0xff, 0xff, 0xff, 0xff, 0xff, 0xf8, 0x0, 0x0,
    0x0, 0x9, 0xff, 0xff, 0xff, 0xff, 0xff, 0xff,
    0xff, 0xff, 0xff, 0xff, 0xff, 0xff, 0xf1, 0x0,
    0x0, 0x0, 0x0, 0x9f, 0xff, 0xff, 0xff, 0xff,
    0xff, 0xff, 0xff, 0xff, 0xff, 0xff, 0xff, 0xa0,
    0x0, 0x0, 0x0, 0x0, 0x0, 0x0, 0x0, 0x0,
    0x0, 0x0, 0xf, 0xff, 0xff, 0xff, 0xff, 0xff,
    0x20, 0x0, 0x0, 0x0, 0x0, 0x0, 0x0, 0x0,
    0x0, 0x0, 0x0, 0xf, 0xff, 0xff, 0xff, 0xff,
    0xfb, 0x0, 0x0, 0x0, 0x0, 0x0, 0x0, 0x0,
    0x0, 0x0, 0x0, 0x0, 0xf, 0xff, 0xff, 0xff,
    0xff, 0xf4, 0x0, 0x0, 0x0, 0x0, 0x0, 0x0,
    0x0, 0x0, 0x0, 0x0, 0x0, 0xf, 0xff, 0xff,
    0xff, 0xff, 0xc0, 0x0, 0x0, 0x0, 0x0, 0x0,
    0x0, 0x0, 0x0, 0x0, 0x0, 0x0, 0xf, 0xff,
    0xff, 0xff, 0xff, 0x50, 0x0, 0x0, 0x0, 0x0,
    0x0, 0x0, 0x0, 0x0, 0x0, 0x0, 0x0, 0xf,
    0xff, 0xff, 0xff, 0xfd, 0x0, 0x0, 0x0, 0x0,
    0x0, 0x0, 0x0, 0x0, 0x0, 0x0, 0x0, 0x0,
    0xf, 0xff, 0xff, 0xff, 0xf6, 0x0, 0x0, 0x0,
    0x0, 0x0, 0x0, 0x0, 0x0, 0x0, 0x0, 0x0,
    0x0, 0xf, 0xff, 0xff, 0xff, 0xe0, 0x0, 0x0,
    0x0, 0x0, 0x0, 0x0, 0x0, 0x0, 0x0, 0x0,
    0x0, 0x0, 0xf, 0xff, 0xff, 0xff, 0x80, 0x0,
    0x0, 0x0, 0x0, 0x0, 0x0, 0x0, 0x0, 0x0,
    0x0, 0x0, 0x0, 0xf, 0xff, 0xff, 0xff, 0x10,
    0x0, 0x0, 0x0, 0x0, 0x0, 0x0, 0x0, 0x0,
    0x0, 0x0, 0x0, 0x0, 0xf, 0xff, 0xff, 0xf9,
    0x0, 0x0, 0x0, 0x0, 0x0, 0x0, 0x0, 0x0,
    0x0, 0x0, 0x0, 0x0, 0x0, 0xe, 0xff, 0xff,
    0xf2, 0x0, 0x0, 0x0, 0x0, 0x0, 0x0, 0x0,
    0x0, 0x0, 0x0, 0x0, 0x0, 0x0, 0x8, 0xff,
    0xff, 0x90, 0x0, 0x0, 0x0, 0x0, 0x0, 0x0,
    0x0, 0x0, 0x0, 0x0, 0x0, 0x0, 0x0, 0x0,
    0x8e, 0xe8, 0x0, 0x0, 0x0, 0x0, 0x0, 0x0,
    0x0, 0x0, 0x0, 0x0, 0x0, 0x0, 0x0, 0x0,
    0x0, 0x0, 0x0, 0x0, 0x0, 0x0, 0x0, 0x0,
    0x0, 0x0
};


/*---------------------
 *  GLYPH DESCRIPTION
 *--------------------*/

static const lv_font_fmt_txt_glyph_dsc_t glyph_dsc[] = {
    {.bitmap_index = 0, .adv_w = 0, .box_w = 0, .box_h = 0, .ofs_x = 0, .ofs_y = 0} /* id = 0 reserved */,
    {.bitmap_index = 0, .adv_w = 307, .box_w = 0, .box_h = 0, .ofs_x = 0, .ofs_y = 0},
    {.bitmap_index = 0, .adv_w = 307, .box_w = 6, .box_h = 23, .ofs_x = 7, .ofs_y = 0},
    {.bitmap_index = 69, .adv_w = 307, .box_w = 11, .box_h = 10, .ofs_x = 4, .ofs_y = 13},
    {.bitmap_index = 124, .adv_w = 307, .box_w = 18, .box_h = 23, .ofs_x = 1, .ofs_y = 0},
    {.bitmap_index = 331, .adv_w = 307, .box_w = 16, .box_h = 33, .ofs_x = 2, .ofs_y = -4},
    {.bitmap_index = 595, .adv_w = 307, .box_w = 19, .box_h = 23, .ofs_x = 0, .ofs_y = 0},
    {.bitmap_index = 814, .adv_w = 307, .box_w = 20, .box_h = 23, .ofs_x = 0, .ofs_y = 0},
    {.bitmap_index = 1044, .adv_w = 307, .box_w = 5, .box_h = 10, .ofs_x = 7, .ofs_y = 13},
    {.bitmap_index = 1069, .adv_w = 307, .box_w = 11, .box_h = 31, .ofs_x = 5, .ofs_y = -4},
    {.bitmap_index = 1240, .adv_w = 307, .box_w = 11, .box_h = 31, .ofs_x = 3, .ofs_y = -4},
    {.bitmap_index = 1411, .adv_w = 307, .box_w = 18, .box_h = 17, .ofs_x = 1, .ofs_y = 3},
    {.bitmap_index = 1564, .adv_w = 307, .box_w = 16, .box_h = 16, .ofs_x = 2, .ofs_y = 3},
    {.bitmap_index = 1692, .adv_w = 307, .box_w = 7, .box_h = 10, .ofs_x = 6, .ofs_y = -5},
    {.bitmap_index = 1727, .adv_w = 307, .box_w = 11, .box_h = 3, .ofs_x = 4, .ofs_y = 9},
    {.bitmap_index = 1744, .adv_w = 307, .box_w = 7, .box_h = 6, .ofs_x = 6, .ofs_y = 0},
    {.bitmap_index = 1765, .adv_w = 307, .box_w = 15, .box_h = 30, .ofs_x = 2, .ofs_y = -4},
    {.bitmap_index = 1990, .adv_w = 307, .box_w = 15, .box_h = 23, .ofs_x = 2, .ofs_y = 0},
    {.bitmap_index = 2163, .adv_w = 307, .box_w = 16, .box_h = 23, .ofs_x = 2, .ofs_y = 0},
    {.bitmap_index = 2347, .adv_w = 307, .box_w = 15, .box_h = 23, .ofs_x = 2, .ofs_y = 0},
    {.bitmap_index = 2520, .adv_w = 307, .box_w = 15, .box_h = 23, .ofs_x = 2, .ofs_y = 0},
    {.bitmap_index = 2693, .adv_w = 307, .box_w = 14, .box_h = 23, .ofs_x = 2, .ofs_y = 0},
    {.bitmap_index = 2854, .adv_w = 307, .box_w = 15, .box_h = 23, .ofs_x = 2, .ofs_y = 0},
    {.bitmap_index = 3027, .adv_w = 307, .box_w = 17, .box_h = 23, .ofs_x = 1, .ofs_y = 0},
    {.bitmap_index = 3223, .adv_w = 307, .box_w = 16, .box_h = 23, .ofs_x = 2, .ofs_y = 0},
    {.bitmap_index = 3407, .adv_w = 307, .box_w = 16, .box_h = 23, .ofs_x = 2, .ofs_y = 0},
    {.bitmap_index = 3591, .adv_w = 307, .box_w = 17, .box_h = 23, .ofs_x = 1, .ofs_y = 0},
    {.bitmap_index = 3787, .adv_w = 307, .box_w = 7, .box_h = 18, .ofs_x = 6, .ofs_y = 0},
    {.bitmap_index = 3850, .adv_w = 307, .box_w = 7, .box_h = 23, .ofs_x = 6, .ofs_y = -5},
    {.bitmap_index = 3931, .adv_w = 307, .box_w = 15, .box_h = 18, .ofs_x = 2, .ofs_y = 2},
    {.bitmap_index = 4066, .adv_w = 307, .box_w = 15, .box_h = 11, .ofs_x = 2, .ofs_y = 5},
    {.bitmap_index = 4149, .adv_w = 307, .box_w = 15, .box_h = 18, .ofs_x = 2, .ofs_y = 2},
    {.bitmap_index = 4284, .adv_w = 307, .box_w = 12, .box_h = 23, .ofs_x = 4, .ofs_y = 0},
    {.bitmap_index = 4422, .adv_w = 307, .box_w = 18, .box_h = 29, .ofs_x = 1, .ofs_y = -6},
    {.bitmap_index = 4683, .adv_w = 307, .box_w = 17, .box_h = 23, .ofs_x = 1, .ofs_y = 0},
    {.bitmap_index = 4879, .adv_w = 307, .box_w = 16, .box_h = 23, .ofs_x = 2, .ofs_y = 0},
    {.bitmap_index = 5063, .adv_w = 307, .box_w = 15, .box_h = 23, .ofs_x = 2, .ofs_y = 0},
    {.bitmap_index = 5236, .adv_w = 307, .box_w = 15, .box_h = 23, .ofs_x = 2, .ofs_y = 0},
    {.bitmap_index = 5409, .adv_w = 307, .box_w = 14, .box_h = 23, .ofs_x = 3, .ofs_y = 0},
    {.bitmap_index = 5570, .adv_w = 307, .box_w = 15, .box_h = 23, .ofs_x = 2, .ofs_y = 0},
    {.bitmap_index = 5743, .adv_w = 307, .box_w = 15, .box_h = 23, .ofs_x = 2, .ofs_y = 0},
    {.bitmap_index = 5916, .adv_w = 307, .box_w = 15, .box_h = 23, .ofs_x = 2, .ofs_y = 0},
    {.bitmap_index = 6089, .adv_w = 307, .box_w = 13, .box_h = 23, .ofs_x = 3, .ofs_y = 0},
    {.bitmap_index = 6239, .adv_w = 307, .box_w = 15, .box_h = 23, .ofs_x = 1, .ofs_y = 0},
    {.bitmap_index = 6412, .adv_w = 307, .box_w = 16, .box_h = 23, .ofs_x = 2, .ofs_y = 0},
    {.bitmap_index = 6596, .adv_w = 307, .box_w = 14, .box_h = 23, .ofs_x = 4, .ofs_y = 0},
    {.bitmap_index = 6757, .adv_w = 307, .box_w = 16, .box_h = 23, .ofs_x = 2, .ofs_y = 0},
    {.bitmap_index = 6941, .adv_w = 307, .box_w = 15, .box_h = 23, .ofs_x = 2, .ofs_y = 0},
    {.bitmap_index = 7114, .adv_w = 307, .box_w = 15, .box_h = 23, .ofs_x = 2, .ofs_y = 0},
    {.bitmap_index = 7287, .adv_w = 307, .box_w = 16, .box_h = 23, .ofs_x = 2, .ofs_y = 0},
    {.bitmap_index = 7471, .adv_w = 307, .box_w = 15, .box_h = 29, .ofs_x = 2, .ofs_y = -6},
    {.bitmap_index = 7689, .adv_w = 307, .box_w = 16, .box_h = 23, .ofs_x = 2, .ofs_y = 0},
    {.bitmap_index = 7873, .adv_w = 307, .box_w = 16, .box_h = 23, .ofs_x = 2, .ofs_y = 0},
    {.bitmap_index = 8057, .adv_w = 307, .box_w = 17, .box_h = 23, .ofs_x = 1, .ofs_y = 0},
    {.bitmap_index = 8253, .adv_w = 307, .box_w = 15, .box_h = 23, .ofs_x = 2, .ofs_y = 0},
    {.bitmap_index = 8426, .adv_w = 307, .box_w = 17, .box_h = 23, .ofs_x = 1, .ofs_y = 0},
    {.bitmap_index = 8622, .adv_w = 307, .box_w = 19, .box_h = 23, .ofs_x = 0, .ofs_y = 0},
    {.bitmap_index = 8841, .adv_w = 307, .box_w = 18, .box_h = 23, .ofs_x = 1, .ofs_y = 0},
    {.bitmap_index = 9048, .adv_w = 307, .box_w = 18, .box_h = 23, .ofs_x = 1, .ofs_y = 0},
    {.bitmap_index = 9255, .adv_w = 307, .box_w = 15, .box_h = 23, .ofs_x = 2, .ofs_y = 0},
    {.bitmap_index = 9428, .adv_w = 307, .box_w = 9, .box_h = 30, .ofs_x = 6, .ofs_y = -4},
    {.bitmap_index = 9563, .adv_w = 307, .box_w = 15, .box_h = 30, .ofs_x = 2, .ofs_y = -4},
    {.bitmap_index = 9788, .adv_w = 307, .box_w = 9, .box_h = 30, .ofs_x = 4, .ofs_y = -4},
    {.bitmap_index = 9923, .adv_w = 307, .box_w = 15, .box_h = 13, .ofs_x = 2, .ofs_y = 11},
    {.bitmap_index = 10021, .adv_w = 307, .box_w = 17, .box_h = 3, .ofs_x = 1, .ofs_y = -4},
    {.bitmap_index = 10047, .adv_w = 307, .box_w = 8, .box_h = 5, .ofs_x = 5, .ofs_y = 21},
    {.bitmap_index = 10067, .adv_w = 307, .box_w = 15, .box_h = 18, .ofs_x = 2, .ofs_y = 0},
    {.bitmap_index = 10202, .adv_w = 307, .box_w = 15, .box_h = 23, .ofs_x = 2, .ofs_y = 0},
    {.bitmap_index = 10375, .adv_w = 307, .box_w = 15, .box_h = 18, .ofs_x = 2, .ofs_y = 0},
    {.bitmap_index = 10510, .adv_w = 307, .box_w = 15, .box_h = 23, .ofs_x = 2, .ofs_y = 0},
    {.bitmap_index = 10683, .adv_w = 307, .box_w = 15, .box_h = 18, .ofs_x = 2, .ofs_y = 0},
    {.bitmap_index = 10818, .adv_w = 307, .box_w = 17, .box_h = 23, .ofs_x = 1, .ofs_y = 0},
    {.bitmap_index = 11014, .adv_w = 307, .box_w = 15, .box_h = 24, .ofs_x = 2, .ofs_y = -6},
    {.bitmap_index = 11194, .adv_w = 307, .box_w = 15, .box_h = 23, .ofs_x = 2, .ofs_y = 0},
    {.bitmap_index = 11367, .adv_w = 307, .box_w = 16, .box_h = 25, .ofs_x = 2, .ofs_y = 0},
    {.bitmap_index = 11567, .adv_w = 307, .box_w = 13, .box_h = 31, .ofs_x = 2, .ofs_y = -6},
    {.bitmap_index = 11769, .adv_w = 307, .box_w = 16, .box_h = 23, .ofs_x = 2, .ofs_y = 0},
    {.bitmap_index = 11953, .adv_w = 307, .box_w = 18, .box_h = 23, .ofs_x = 0, .ofs_y = 0},
    {.bitmap_index = 12160, .adv_w = 307, .box_w = 17, .box_h = 18, .ofs_x = 1, .ofs_y = 0},
    {.bitmap_index = 12313, .adv_w = 307, .box_w = 15, .box_h = 18, .ofs_x = 2, .ofs_y = 0},
    {.bitmap_index = 12448, .adv_w = 307, .box_w = 15, .box_h = 18, .ofs_x = 2, .ofs_y = 0},
    {.bitmap_index = 12583, .adv_w = 307, .box_w = 15, .box_h = 24, .ofs_x = 2, .ofs_y = -6},
    {.bitmap_index = 12763, .adv_w = 307, .box_w = 15, .box_h = 24, .ofs_x = 2, .ofs_y = -6},
    {.bitmap_index = 12943, .adv_w = 307, .box_w = 15, .box_h = 18, .ofs_x = 3, .ofs_y = 0},
    {.bitmap_index = 13078, .adv_w = 307, .box_w = 15, .box_h = 18, .ofs_x = 2, .ofs_y = 0},
    {.bitmap_index = 13213, .adv_w = 307, .box_w = 16, .box_h = 23, .ofs_x = 1, .ofs_y = 0},
    {.bitmap_index = 13397, .adv_w = 307, .box_w = 15, .box_h = 18, .ofs_x = 2, .ofs_y = 0},
    {.bitmap_index = 13532, .adv_w = 307, .box_w = 17, .box_h = 18, .ofs_x = 1, .ofs_y = 0},
    {.bitmap_index = 13685, .adv_w = 307, .box_w = 19, .box_h = 18, .ofs_x = 0, .ofs_y = 0},
    {.bitmap_index = 13856, .adv_w = 307, .box_w = 17, .box_h = 18, .ofs_x = 1, .ofs_y = 0},
    {.bitmap_index = 14009, .adv_w = 307, .box_w = 17, .box_h = 24, .ofs_x = 1, .ofs_y = -6},
    {.bitmap_index = 14213, .adv_w = 307, .box_w = 15, .box_h = 18, .ofs_x = 2, .ofs_y = 0},
    {.bitmap_index = 14348, .adv_w = 307, .box_w = 15, .box_h = 30, .ofs_x = 2, .ofs_y = -4},
    {.bitmap_index = 14573, .adv_w = 307, .box_w = 4, .box_h = 30, .ofs_x = 8, .ofs_y = -4},
    {.bitmap_index = 14633, .adv_w = 307, .box_w = 14, .box_h = 30, .ofs_x = 3, .ofs_y = -4},
    {.bitmap_index = 14843, .adv_w = 307, .box_w = 16, .box_h = 7, .ofs_x = 2, .ofs_y = 8},
    {.bitmap_index = 14899, .adv_w = 512, .box_w = 34, .box_h = 34, .ofs_x = -1, .ofs_y = -5}
};

/*---------------------
 *  CHARACTER MAPPING
 *--------------------*/



/*Collect the unicode lists and glyph_id offsets*/
static const lv_font_fmt_txt_cmap_t cmaps[] =
{
    {
        .range_start = 32, .range_length = 95, .glyph_id_start = 1,
        .unicode_list = NULL, .glyph_id_ofs_list = NULL, .list_length = 0, .type = LV_FONT_FMT_TXT_CMAP_FORMAT0_TINY
    },
    {
        .range_start = 61732, .range_length = 1, .glyph_id_start = 96,
        .unicode_list = NULL, .glyph_id_ofs_list = NULL, .list_length = 0, .type = LV_FONT_FMT_TXT_CMAP_FORMAT0_TINY
    }
};



/*--------------------
 *  ALL CUSTOM DATA
 *--------------------*/

#if LVGL_VERSION_MAJOR == 8
/*Store all the custom data of the font*/
static  lv_font_fmt_txt_glyph_cache_t cache;
#endif

#if LVGL_VERSION_MAJOR >= 8
static const lv_font_fmt_txt_dsc_t font_dsc = {
#else
static lv_font_fmt_txt_dsc_t font_dsc = {
#endif
    .glyph_bitmap = glyph_bitmap,
    .glyph_dsc = glyph_dsc,
    .cmaps = cmaps,
    .kern_dsc = NULL,
    .kern_scale = 0,
    .cmap_num = 2,
    .bpp = 4,
    .kern_classes = 0,
    .bitmap_format = 0,
#if LVGL_VERSION_MAJOR == 8
    .cache = &cache
#endif
};



/*-----------------
 *  PUBLIC FONT
 *----------------*/

/*Initialize a public general font descriptor*/
#if LVGL_VERSION_MAJOR >= 8
const lv_font_t pacer_font_mono_32 = {
#else
lv_font_t pacer_font_mono_32 = {
#endif
    .get_glyph_dsc = lv_font_get_glyph_dsc_fmt_txt,    /*Function pointer to get glyph's data*/
    .get_glyph_bitmap = lv_font_get_bitmap_fmt_txt,    /*Function pointer to get glyph's bitmap*/
    .line_height = 35,          /*The maximum line height required by the font*/
    .base_line = 6,             /*Baseline measured from the bottom of the line*/
#if !(LVGL_VERSION_MAJOR == 6 && LVGL_VERSION_MINOR == 0)
    .subpx = LV_FONT_SUBPX_NONE,
#endif
#if LV_VERSION_CHECK(7, 4, 0) || LVGL_VERSION_MAJOR >= 8
    .underline_position = -5,
    .underline_thickness = 2,
#endif
    .dsc = &font_dsc,          /*The custom font data. Will be accessed by `get_glyph_bitmap/dsc` */
#if LV_VERSION_CHECK(8, 2, 0) || LVGL_VERSION_MAJOR >= 9
    .fallback = NULL,
#endif
    .user_data = NULL,
};



#endif /*#if PACER_FONT_MONO_32*/

